temperature,humidity,wind_speed,pressure,pm25
16.236203565420873,47.01086944283389,4.789969087126946,1017.6889933927238,204.8993635278596
33.52142919229749,46.053621939679985,6.5407424697498975,1001.0335226736809,139.47530173928354
26.959818254342153,88.90654773386738,6.201206973426193,1025.5338097174185,180.76857230230536
22.959754525911098,46.220502990217895,1.6542492852033026,1016.4590683674235,229.62954453525415
9.680559213273096,47.676732198361016,1.6193710230610543,1000.5021359244934,228.91618963495915
9.67983561008608,79.36088705716764,2.5113077580868497,1028.6818320118423,296.5558769416029
6.742508365045984,59.2330897592851,3.208060447557779,1013.1427912167362,246.4613009775083
30.985284373248057,80.48618620208677,3.5634168605636196,997.5514458155079,214.2632553710914
23.033450352296263,34.24880024168504,5.59772912625009,1016.9391516545273,144.15648925982237
26.242177333881365,61.69212758876998,0.9251032412437655,1003.8619617454484,252.64347102797922
5.617534828874073,32.18488401191337,0.7600452816954979,1023.1292708157056,228.8210969287358
34.097295564859834,34.072458224598044,3.4393292220793175,1023.6237725748167,161.86203686692548
29.973279224012654,88.9184344673867,5.7287276910348535,1029.2631574549132,227.33319156062333
11.370173320348284,39.05094912264369,1.9507650721736192,1012.5654335858576,235.94000449183417
10.454749016213018,64.60734434788911,5.311283609421888,1010.9234907904709,253.59685282040766
10.502135295603015,56.72121416904592,2.448711034552246,1021.3716461906268,240.51763346300737
14.127267288786133,52.577316206824776,7.145645816101372,999.6364729719675,180.36719692399893
20.742692948967136,88.48916746967271,7.217674581999624,1014.1420429827593,204.2794959176634
17.958350559263472,31.418520790406816,2.7296540321099485,1014.1186660045798,208.93467970565356
13.736874205941257,73.1463296014133,2.2249531547243038,998.1315592983635,258.9900579960986
23.355586841671386,92.62063822388077,3.5847797904967345,1009.6294429927419,245.73663350482116
9.184815819561255,66.41093192501972,2.3039868888511155,1024.8649679498521,287.61070217745106
13.764339456056545,90.89346003215097,5.542878824687778,1024.965376769813,242.7763253048964
15.99085529881075,33.396762153591546,6.6954851341121415,998.4733182721889,119.30905362594444
18.682099526511077,57.22156573982049,5.548190981834128,998.1752308961741,174.99171787963414
28.555278841790408,46.91025641253333,6.682628354370121,1004.1943416950677,143.23209071089786
10.990213464750791,77.50336272374744,3.477441216556056,1025.6168121893897,285.46596791565867
20.42703315240835,93.78431088232104,1.6723772803164565,999.5115904775724,282.61365495243524
22.772437065861276,46.67445405887611,6.034632105481941,1020.1998880919606,180.1375736069631
6.3935123815999315,72.52134909581484,3.2035587885616543,998.5407966864586,241.43455226141606
23.22634555704315,42.87634612938311,5.534531189218494,1016.8098248811739,152.7145056319433
10.115723710618745,66.74646654715465,2.5298295648632427,1007.4623554691701,253.0858743163311
6.9515477895583855,60.15561163474185,1.109222261050045,1022.6119887038053,277.20036639220365
33.466566117599996,93.18034642604991,7.944363466158225,1003.1791657088877,172.42343829955658
33.96896099223678,69.55427272527032,1.6715113094794947,1017.3720640286485,233.85850738013394
29.251920443493834,52.717914185643224,7.913157454726107,1003.2488887101559,117.5448164487719
14.13841307520112,37.41622601771567,7.829599494248355,1019.9781099089254,145.07118300655162
7.930163420191516,39.831043867770745,6.453635779310297,1025.5787312096263,179.19554932793227
25.526990795364707,44.64560044683028,5.445672215614982,999.4380629694366,137.9656955537008
18.20457481218804,46.312832987119364,4.833552876883135,1025.3308491008427,185.61251104474604
8.661147045343364,85.29004375967395,6.99576159033376,1015.7751339045004,229.27304100756757
19.855307303338105,66.47948123836412,2.6707964121461596,999.4488671803458,228.5001393465412
6.031655633456552,64.02040923933382,4.007609093636578,1009.9639649375899,244.72379190106565
32.27961206236346,37.459976671499135,5.1454247702487645,1000.6301102719784,132.39394049405848
12.763399448000508,85.90908006771328,3.5839285690211833,1019.51217611033,262.4469958639276
24.87566853061946,76.98292970855144,3.70614840567701,1021.5603847046283,248.0065572069969
14.351332282682328,34.398443523500106,2.977135006265633,998.702878209548,176.3859327648423
20.602040635334326,76.00928131993496,4.73173862513402,1012.7148948443125,209.71156389189207
21.40130838029839,65.32998412727198,6.87930896011337,1023.5118769609071,221.3766941597213
10.545633665765811,35.312147473540584,2.0114628350473462,1027.7657064542848,210.73572247681773
34.08753883293676,59.78954169936267,7.5082477906508105,1012.973125335962,111.83982541512663
28.253984700833435,61.50525866345305,5.668157403111723,1028.2597728263993,187.67062121080633
33.18496824692568,40.775345110612925,6.674549095100226,1013.749113965961,87.46480685679688
31.844820512829465,91.47037955501835,4.671430194725088,1008.7966673109968,213.32105862663704
22.936999364332554,85.24839914624303,6.346375260680476,1024.6871094993514,243.71134401528272
32.6562270506935,73.48645192639205,0.6215029800460041,1012.2543948660331,220.5727938156357
7.654775061557585,60.04921146503947,6.637853185846514,1011.5165878697583,171.73763796795856
10.879485872574357,56.76476020299305,0.8010414431402488,1012.160937129344,243.39086656960833
6.356818667316142,72.31327536481203,7.174350322721469,1024.637475065441,232.58554004537143
14.759909922897931,65.45307151144885,7.939720604289825,1024.117953959082,197.75906511535106
16.660318690684463,34.047751882322565,2.7055059663258336,1009.1231997354074,187.84686190622492
13.140470953216877,63.31267217007156,2.0773891721434525,1006.6654950954684,261.80375504658815
29.86212527455788,82.41623512013456,6.240225228935305,1012.2174808413695,210.19307379516124
15.702599800807679,59.85059204380227,2.3976975569018992,1015.0470378407988,266.6517005205485
13.428035290621423,33.37717754102745,6.991717873791526,1003.3418023719798,140.26864017127667
21.280882494747456,81.10808295996216,1.2713194411810753,1022.7884279650457,240.16009594286487
9.22772674924288,43.08864583883833,1.4446639728451869,1012.0268968006349,229.6387037231288
29.06590942262119,46.810354267722516,7.843636663254617,1006.6915941946986,112.06221366685057
7.236519310393125,40.70591297309923,5.553791737025035,998.7387347537397,181.0431183132816
34.60660809801552,51.463979216647346,6.851654183217146,1003.3595806141262,121.70149090566264
28.167343078899723,79.18884786976128,2.9324703301363853,1028.2248410114594,253.93623127528417
10.961470446025173,63.760080867755924,5.573628121404533,1005.6784890386834,230.29561021919687
5.165663513708072,43.31728281979632,4.956813704814479,1000.9100751278462,199.08457954084327
29.463842853645026,87.05895507988265,5.023625900922102,1011.1235477079248,228.62546096038028
26.205720315428515,87.1728205718494,5.618993446532912,1005.7480710176087,215.219194657348
26.87021504122962,86.58759762799045,4.815193798468239,996.2305737594918,215.65893461715507
28.138110400578373,45.521753739800054,3.7179677697699947,1006.3100826047796,185.79972261576003
7.221339552022711,59.33055737176423,2.569420207854101,1014.0438018378813,256.27248197074385
15.753971856328178,94.02432764915687,6.264359981849015,1014.3099330206988,267.91428507457147
8.476071785753891,80.18081096014937,2.1970432250238963,1007.4795622411912,262.5858947727384
30.893102776267806,31.765882379661388,5.692657296158107,1010.655596468841,115.0047596513955
23.698943804826737,34.23829843193198,2.2499961698699495,1028.7931271382167,191.22580226984317
14.926940745579476,60.15553949280163,5.189976274658404,1008.207196703061,209.87310328202943
6.906750508580709,89.09931338100141,6.103087003467717,1004.0379384640994,267.13674233842517
14.329469651469866,65.01561686692642,2.1403541667990442,1003.5213465423366,249.0389189933511
14.75549966080241,62.35781302222887,0.949574756459812,1011.0217614446447,241.5185389064101
26.88818535014192,36.85579049718099,1.4823030724563055,1021.583205205093,209.8659892524168
24.126724140656393,72.69070680707911,5.044977254532691,1002.2095864465965,211.70122885997995
31.616382277289794,83.43670543901466,6.870848046693016,1019.8253644499268,152.2453196643571
19.16644775485848,54.727300487991556,0.8374761592656828,995.7402438172296,238.516868883014
8.58782737814905,80.41477031014628,6.006134442812347,1009.6626542294381,211.6375119658153
26.39734361668985,92.69098250355276,3.059889844625391,1022.1552772820976,246.19923215432934
27.823551458506923,43.244819843299794,4.088962774396419,1006.8556534521051,151.5317633085458
21.83831592708489,64.01642602765818,7.466446623841742,1014.7307985505889,178.309645255528
28.12901539863683,48.66396727549741,2.989786285518841,1002.1742731489069,186.39194681165057
19.81386789093172,81.53553723719955,3.9900270045461452,1020.9698386894161,223.24447024288486
20.681984881459822,67.54356878227523,0.6026181107051083,996.8297686144066,269.8180025762097
17.826230550756488,71.24785714076975,1.1119904000362877,1024.8389925706424,249.75997762574028
5.762573802322856,81.86442037503312,2.4394369335108803,1001.9368735247584,292.3494586150242
8.236742809799134,55.73808072305957,0.708891806158058,1025.6039311097916,263.9481011997242
5.942875570602028,89.48085444645781,5.235314945361882,1007.3385234455181,257.7231026479855
24.092312337913413,64.6468763709991,3.697987676012169,1020.293925106607,220.59563499571922
14.4306794322898,40.26706348429762,4.611089020460165,1006.1728854225166,191.16448774477072
20.257120734941083,75.23344268097216,1.8098538942224716,1026.7069084932127,283.1350075875623
32.22699421778279,81.56198777848654,2.7194902207746208,999.4322993931431,223.0015220332172
12.478766874466249,50.58950900938923,5.478683561395439,1001.2481926245409,193.6827695542179
17.31148769106889,85.71665170491895,7.739770427227999,1012.2560543805581,195.5245831097014
27.666534156291462,88.89931155977482,0.878125802016569,997.8678453663351,270.66061973118735
11.863944964748674,47.998791679557584,7.177882406414495,1001.8593064645617,171.52820612826935
7.30939729486379,93.92889572648943,4.826609009834064,1028.0318233774206,277.5103533108236
13.692543587413041,39.1462493231693,4.729396750667178,1029.177138140176,162.8547364891292
9.836638617620132,43.131018446161846,4.252089014058202,1008.1690765265648,207.79690391236673
32.890929570277194,41.9746145504717,1.0204556442813755,1027.3150107354877,204.66716785814523
29.243611386932507,88.10933115051158,1.174076388021205,1014.0688636485701,254.97562564696926
24.002112695312704,72.52901590112252,5.006840042443145,1004.4409863055819,182.43559344598862
31.14381770563153,39.886778409447736,3.0571892857666874,1019.583955237821,193.07420169666736
29.110162306973432,58.62102219394268,7.379510499332605,1018.06156323012,152.28666729881235
10.597101766581076,69.99437162953714,3.549429030196042,1029.6193861688057,251.96648869758138
31.776769954699333,35.42516552430992,1.574610940269808,1004.2766550593249,160.15773163373922
21.18026725746952,87.35706394647701,5.86039125126527,1018.5220825931607,210.17372177347238
29.223204654921876,82.23422980369978,2.700150660807574,996.8208314260306,250.66105984475726
31.8827389977048,62.838440282481486,4.441027305169198,998.9776113543852,178.30552872037947
14.540104249155917,92.86322999184608,5.733745891288775,995.1371431232883,230.02079014182772
8.301557735830302,57.15446365288148,7.251980834015528,1029.9811238370885,202.11580306435633
11.838054876258251,93.96717073737236,6.441433961012571,1023.0795794001617,234.13355678975148
17.813233658787688,73.41479992223576,5.572708009045431,1022.5353055156739,238.04640410889812
29.540442977674793,71.2536327615062,5.597248867963577,1012.8404126350863,203.28802847742872
30.821917497690304,40.78706819422602,7.594434830240649,1005.5023479016904,101.99323488141933
5.208563915935721,87.32530428980186,2.7186807312240204,1000.2942499561937,282.6266696639566
20.32241907732697,57.78682971483998,0.5083407064714056,1004.9636158596262,208.5490780170133
17.52233009446337,40.54517137586116,2.53965919548649,1008.1589927675199,182.33048007242326
11.663234314121908,30.819488798424338,2.13418534720058,1021.4708533943103,193.6665113767606
8.595961020010485,66.38411943649487,5.463759388354986,1013.8881626116104,226.38649294732937
15.12845514210884,64.28097543797396,5.2528369982414675,997.7119269294419,199.22955218206928
33.287291117375574,76.7579854539953,4.950960370285428,995.6310153135619,164.65747741217464
14.696087960622657,87.86677344615714,0.6218258240709027,998.5816262836922,294.3844621606523
20.563718652300985,35.16142800179692,5.965835408379856,1009.3674549794083,153.78862431601848
26.090568766855334,77.54727187212356,2.9264780936411863,1027.6617520967156,247.22191759914008
15.908888071378819,42.181776366342845,5.487919917549733,1017.3090868423228,146.77510040962983
34.15346248162882,85.78150845521566,4.67433821376615,1023.063906495643,206.83851266497615
33.87341884826334,83.23912840100765,3.070481940709304,1011.3231108076592,201.809970194117
12.553468874760924,65.15159407406038,1.5093220032808081,1007.6583129118264,276.6797541128033
19.91745517677156,76.16578191051525,1.208141732453607,998.7940130450818,274.9479515750081
14.02634929450309,50.43275735694365,6.736387498341677,1025.6576557765172,164.18462550028667
13.545214831324028,60.62591343063295,7.387981565611685,1022.4106010159766,171.88607814060717
6.106608420635984,83.40639835118066,5.373410350732247,1000.8841334159204,243.37052554483202
23.286930019396905,59.852237816258906,1.2757558614536253,1012.9291197356691,203.21035168770624
20.080370696865845,53.25688724615372,3.5152041266618053,1012.0581182772436,210.44503696355073
6.544362537499681,62.12380907126949,5.967044000788679,1016.8782043440285,213.31886643233318
13.359393927098344,83.83620140841919,6.348656630075511,1028.1165412896942,246.34089483109966
32.24797657899961,51.788523079106724,1.3866396671831644,1015.2920004616868,188.90813005572124
12.186856720009173,41.29450355382335,0.5002303913403681,1013.9076043372517,236.57904239819683
9.346846162736693,76.28091132150075,5.841027844104538,996.7613026527132,203.0654293765842
19.68358280832689,83.68858382602531,3.174471319896542,997.2017616606308,233.04826614826823
34.56951362331802,36.541436104029664,2.408609987136952,1001.5571376964376,143.10841899429138
12.261658145345013,45.591817329136404,0.5967310234214408,996.1364770092111,259.1827651724738
25.164066422176358,39.2281793344646,4.552245550711247,1021.0173513449504,153.761458019678
27.848588459861528,52.616191752840834,6.883630515694863,1020.3165606397887,148.38200863334382
12.12912631977199,59.27281362885182,7.682237347044409,999.7619682051075,167.1340134791774
26.846490458355788,78.67371190261491,4.743087129599669,1024.2627615278348,195.3707725150324
16.033493981577596,72.32459301730881,4.358459958049206,1000.417511219614,223.44238658941222
23.969174917807383,70.36035688609803,1.1379228911693082,1005.5411455449075,258.4052681548315
24.00589132282684,52.90437152962754,4.616546011569498,1003.7141914706477,160.92163720743244
21.073240522242756,84.6940909505094,3.3498430922404596,1008.0307484500566,260.1100918011436
7.7086931016322495,60.6336658808807,5.053514606626827,1003.9132318061487,207.35613483347987
30.05907486767714,93.64182097098504,3.4154476090741004,1012.1132824253458,234.06265569030447
14.623401949152075,71.2192389892229,2.3022434258777507,1009.259275847414,265.30727915211236
10.595555311995627,38.20720820169268,1.2122395642128239,1029.5299321772764,231.30468936496703
6.2232542466429175,73.95154153490321,2.861888334416718,996.9574222544879,268.63517113794154
22.726788295647253,51.13176100306043,1.2248362571581421,999.9763481735573,217.43401923972846
25.326930855268472,74.61126778459634,1.8267271311798794,996.8489062868011,242.32671161244343
5.497634867835685,34.52667463055637,7.905021189346595,1016.9044418243832,120.18274036771635
20.36279174897843,41.36729341643736,3.8307766767996396,996.9078247094802,151.28848355706126
11.794873255938139,85.62292182887612,4.489038248787624,1024.2753908081643,269.8017640366836
24.355183712283495,44.76667120652847,7.052138965529116,1012.9178520738675,153.993098280827
10.230992870149743,84.4076731407911,7.966766753680158,1013.4452668603536,199.64313313308696
25.728132143073978,48.15294574953668,4.870358370085111,1014.6558077699268,165.4666819603895
16.602060389016124,71.787324153816,6.593553657831287,1000.9784797207174,199.52478010348582
33.101899662102035,75.11978727813901,2.9520576825250644,1001.919160609007,221.5367432979773
9.125628324379797,63.32255895442844,2.7930796808546834,1006.1586063005552,220.505517501585
15.231990531507755,49.84519398528754,3.5202779074592017,1015.7723745537648,199.23900700225792
8.404205637217672,43.82188446412125,5.543804470052368,1002.3541221579075,183.12717979472956
32.74080854835688,32.1573080465577,5.616437669413241,999.0716104496641,126.69892937234668
31.32018060142943,49.756516080647046,2.864295759870881,1028.954091024645,227.62926942588786
12.73824883145467,72.45558138453339,1.4990744310247153,995.7693635183368,265.5248902350973
24.79952138102537,90.98981319915137,5.242971923491314,1023.0944091867608,208.14653771897542
29.516666006036473,86.62829134709838,1.4624439664157338,1022.5812302351258,267.7686228495664
21.65602434798387,79.79421047479467,4.838693811719976,1005.4024939845783,239.37143128450137
20.889517350680194,81.24907731146442,5.7006659604223175,999.7469315602559,211.7147504398457
12.25556872701355,73.22401872593969,5.7545862229583875,1000.0970026346898,203.67597686325374
7.793083034176976,46.9186457417902,6.151040829946975,1019.4101066033018,206.24123700736212
31.916472738599804,88.96767699587895,7.046445661742484,1017.4982306880161,195.31227918494085
32.01254171489991,73.59760027387921,4.249692439735913,1022.3960985987985,186.31046874072933
23.993043718198038,66.4286410137286,5.976868921471784,1027.8118410339687,194.47163388495528
15.170893731461021,37.21431549887627,5.1437955152437755,1019.2174577143307,190.0398275059423
15.476287238379827,59.058610347417655,1.8997995484826191,1000.4548037793005,258.32436039281356
26.778670366107182,59.92328762812521,0.6926723365205613,1003.5204915867894,232.71022492490664
31.913307798577314,86.19663461897355,2.634060392577003,1024.476780580559,235.91890771669773
31.61259272795352,65.53213431220625,3.8227527975321456,1002.3257126541973,208.2246044278611
28.396266375728715,54.72603568307663,5.128294583214922,997.5382810934068,144.96282518588924
24.26094938462863,93.49202135319285,6.87469497877404,1019.6148018914788,218.08757655005715
7.524198949851465,37.196838566210516,1.9718428752962422,1009.088422442155,209.01892736845815
9.848861422838413,57.465647840276404,1.4416234242385781,1027.2014018391067,282.0444420586223
31.956625655812378,32.73160388614134,7.726099606057456,1017.7589274882781,93.92531600579363
23.1928717897877,78.09376784985048,1.3103341953230534,998.1646642227081,276.15899352571796
5.27591154849889,89.67497589294479,4.088683025803919,1028.174979853878,294.51751580216444
8.044146285980963,48.20242642078181,4.891727965949764,1004.0495042274086,185.76283463125353
24.905053073241675,85.79220899194286,4.560308156805787,1006.80243716422,246.2842387777487
5.15184751538656,48.994184980023356,1.145241177747074,1009.079114478924,285.31602819150964
9.824241542524959,89.2000605068545,0.9277018550271452,996.7928503741509,319.81842422062954
21.462013680997583,79.00752373379095,1.2911257059577674,1012.3780397780712,256.01796489844327
25.756855930780798,82.31894049469352,4.891907629044594,999.3161471876352,206.65707666758465
24.558837785078016,31.170426114029542,4.5825866572574085,1009.0339614340924,151.87882165114212
11.728079283816793,92.58267320981169,2.2530559402755816,1007.274842579723,283.01477975868835
26.365376640426074,77.233614484571,5.283306063841937,1022.0494029199276,231.04274244843958
12.117472624904002,49.80882120009866,6.65050626541737,1023.1109679071456,183.371064298315
14.76199094477803,83.91065321582505,0.8118421988494533,1000.3694508836181,250.52367294125642
27.394742153540726,48.298877896970446,4.235974576610318,1007.8292915582729,176.61291605877372
24.48898697141644,86.72899957179831,5.669828090770177,1008.0673606361141,207.9382781537694
30.47670231482534,37.317725376775904,2.392339453022653,1000.2993655377629,169.57653714201632
24.7283867690103,75.73958853495172,2.808281789698618,1022.9458726767916,234.12707474111926
22.049258100064147,65.14540098191918,5.102284272420379,1019.7529914917399,211.88474128429004
7.810243034842774,36.274740562703656,7.234514700828027,1001.6633625203962,173.430904560806
16.031474091783004,45.72309883682453,6.574433152271745,1007.835266800783,166.7636052042529
12.956071030451763,30.80626235802546,4.873476643246876,998.703175869978,162.22665841945232
12.319689301372508,60.46991775519288,5.976662883179369,1016.9872308982565,201.6834236551709
34.190316642573364,49.58224194940003,3.2361685265584903,999.2480173592016,168.6570515946233
16.792931740002814,68.89323647935433,5.307241460740683,1029.507695901872,205.30318522114362
31.761396655313398,49.32045750106012,3.996361933456677,1022.3238726140752,180.21814786835273
23.934158779917887,49.49474224795401,1.9245210234317067,1008.6583492354398,218.049773617015
28.844339106249453,78.30755791755422,5.763037054079429,1015.2497376297774,216.19758011486675
20.079112793155765,33.129284338592974,4.673484780116165,1026.8969635675744,186.19583174055555
22.307116538790773,88.68817468747918,3.1896618646519355,1014.3934748138539,244.8747763576529
19.77553081456592,85.3971518354268,7.335043925589731,1001.1074470239284,209.88635582089543
10.857289633941335,73.40730440971643,0.6570058837004995,1008.2546174453406,275.4679278502777
26.67356345784516,68.55940205697998,2.8682986343712202,1024.510070276041,235.53094713641386
13.423170873225674,87.99966237907739,0.9266104833323492,1017.5474555596367,296.5150115907625
5.729478992943616,42.04646166936644,6.248954871662204,1017.775353451683,172.3963545784837
24.364168877215036,35.13299554240386,5.765805905853444,1025.3387519990972,150.19878879354263
10.313320382211469,45.568161044119975,2.985141640522378,1026.2890570111877,187.88194232571539
33.21375753058743,81.64758811551238,5.567471766553048,1027.1927400122802,168.61204921745502
33.617857310077625,32.25356733722142,3.4695291964696238,998.3197217638605,139.341352996571
32.44593170661346,67.88244428042682,6.171903435668257,1014.0444100687085,166.07179759793118
16.10476100766333,94.70343855243514,3.9063774705252956,1020.9178332426411,264.65289272227255
5.463698495866023,85.62024609944007,3.5920979587374915,1021.4924395794454,261.48174375676535
32.84955687763176,63.89396978783331,7.510474366162257,1016.2350670689501,129.46026165412235
17.84552444951943,34.13665910363175,2.3815932491802516,1000.8375567314285,200.23174148135934
33.999644571310085,84.03927843507114,1.4033550499742407,1022.9097193879583,257.8572844477631
33.90859931267758,68.93360303151869,4.884073349445936,1020.2038966730231,181.7431892850573
30.590283664020802,37.470644808871846,7.769913592131342,998.0147520042162,117.30907189089788
13.833466762087571,36.100723513518155,3.3337941029538998,1011.2333438636032,203.16068840808168
16.552931858057757,89.1257432633785,0.9652757272158614,1001.0892089832631,281.4803943619655
30.534100145505708,73.4980170909751,3.0447895048217557,1006.811696599954,210.81650305337936
14.50766015468833,83.90364195558911,4.294487407396688,995.632838227199,223.6484111227553
10.084782400582775,87.13362851834738,1.7144225497416028,1009.0115453943765,295.5450215299239
21.704037873750504,67.16520288314095,5.435766635423691,1014.2456922404674,213.7849360261219
33.08464322482343,63.63401286407768,7.9831204175765045,1016.6853907489481,145.14007551939895
25.88089390024919,57.97778167086436,3.888046069860829,1018.2221620795049,217.59422546708464
22.101835102680948,50.601528206422756,3.1604641754765948,1024.270195958586,201.58335791041824
7.915294813123056,58.24873745581627,3.5052812512585,1002.5412017546505,256.1468451147531
23.45021680097509,80.30217762246016,1.3635963379640086,999.2168637853464,256.4321582439186
34.7016155031279,69.12502301598354,7.124552010696679,1024.8038010164273,175.06740857073672
9.202520457095721,88.014013847065,3.6111924164101397,1000.4814485212428,272.36922873775165
20.5498895709121,58.8197009346472,3.40455808568631,1029.116602846767,230.17785074201
31.321192157838663,69.46082261671901,5.447677046978558,1024.4888380289524,204.71650608022145
27.223058532626133,71.03499095097926,3.8152506569834266,1012.530681206136,207.94432401223844
25.91047222985804,68.46031554991116,5.361751016058846,1029.3497498722709,199.18688692388034
26.07452251961328,75.67119525055855,0.9608471759809063,998.4081855187801,271.3605268295485
15.784734536592655,45.433175444362405,6.602925077916706,1005.6073016411285,159.50951174413038
13.807755327934801,63.303645540476396,7.553779646595519,1017.3378545264214,162.80377147612376
29.28083466435541,36.7746121825426,5.3657403961953944,1007.2502403965613,168.4946856010077
29.30340184037542,54.99323629691281,7.659244466441081,1027.4930393193276,132.02896549982555
31.012169557403112,61.698359460382186,1.6357423577747248,997.2969130862236,214.82153991141823
32.397216576694134,72.39457687045571,4.080621421102652,1014.2294141221338,215.85084766009012
20.340271965828133,91.78451841810323,5.013550504590855,1015.680319358829,231.43427412046367
20.045488840615988,69.04231932564313,4.8630248556589,1017.8454843322029,196.96774930091854
28.948855369003255,78.33360455147638,3.510963343167824,1003.9483178166136,222.02501178651528
24.498917923332954,62.90729386718818,3.0356330702469605,1007.7598249631952,187.029154837953
26.0590063177311,71.21676203946154,1.451180169128141,1024.5288185382742,244.27480609294904
28.87378008308303,34.610594048695276,3.4380683792170865,1001.8229969139556,161.05125544018415
31.70016025452699,46.535452754720055,1.7199561132911385,1023.9403746510677,193.87970449936017
15.139854705546075,53.52045105833402,6.007742573691638,1014.692939801596,162.01106245424734
16.26748857919832,60.71206807542338,2.0662320162094248,1021.6765628917929,270.34687057582164
7.81945819522607,32.96716845765494,0.9392397896340039,1019.9762578192215,241.78587309194265
22.34840422988522,39.10156634096565,4.642746033629257,1002.2629023384708,183.97930271931494
6.078268213902263,47.992930006434875,4.964222995395512,1014.9084457751856,207.10042526689043
18.967940543973803,93.14962490856828,7.039347959603791,1025.3703103481782,209.34791109690488
21.2793390412273,51.537555461698304,4.8273620931326136,1010.1240682880675,186.66346224960458
13.596237563848533,61.33266877728536,3.091106402925843,1028.8306769578162,239.12356045000914
22.724997817070324,42.74635132799554,6.522589111447404,1010.8275285035602,127.6794513191985
5.915007498171483,69.70070461992493,4.552091698905658,999.997497283376,263.93666581713813
6.120445662476433,48.24440900853833,1.094602134733938,1008.6302138027186,250.03388589050581
29.678016819789747,43.454517598497745,4.7438792023493495,1028.3095842236687,132.67861671016834
15.805719242337886,63.57722084898864,7.310139090662468,1006.1902297268949,197.79278989060188
8.811815379556544,30.357876945427353,3.4723446912366542,1025.3834355953472,195.79428512367957
20.667297801644132,30.498162122199645,2.7224435142485004,1025.8437738588661,178.2655685836007
28.099806592958323,44.23947259162075,1.5760209276351504,1007.2565283516186,172.18638618212069
11.474630824905296,32.386888562553374,1.6358414145151798,997.9140180317721,240.71554639416084
23.686714274570008,37.02167401849494,3.7457861325636417,1020.3595268205586,155.30797807756176
7.56042394981304,52.02594220701886,4.967598681211472,1005.9029304654895,211.06737141799465
6.550451635058231,82.16806917268784,1.1046155387720131,1022.4023264990151,324.2944203533605
20.94063894704444,67.18316181900455,7.546764417688743,1010.4929196891152,176.37735931939167
21.219053648303195,63.32340218716707,6.163502130838969,1011.9843359819918,181.64502024867448
24.122897044946196,49.07677350852791,4.89967938712747,1022.2268292361988,150.69567973875866
26.782740011679845,90.56399176313306,6.713290032042432,1008.382716587157,187.8828682951347
34.275562383876036,55.805977680417456,1.1014006760908497,1010.5094570863021,211.39923776971963
20.48901044903586,35.661029841725146,4.076291582998433,1008.1666664069368,159.40855040417964
14.68869418823738,70.10932354765708,5.225698451462476,1007.8569180347048,220.20415909571372
28.85558584306111,37.39949557597909,6.714896795887169,1013.4081301915511,133.00234330437306
13.124967537862226,52.439504282109986,6.376021700369508,1023.3079805575403,200.74743178899408
18.169142621169083,62.98177601665758,2.5780193728504974,1007.6618909172898,215.47709226355332
7.353691440267979,86.82446410453642,7.556601271694032,1013.3489152188208,261.2621231970106
5.760522302463725,62.08052772210771,1.4325938107315277,1018.475456390491,290.0944701110045
33.87945244033775,75.64681979205818,7.063502139658641,1004.430380620628,157.57014543675984
30.079403615366175,94.53309453493958,7.782051872034639,1004.7132981715837,199.49767316486344
25.87922618281094,38.54679279336881,1.8286514241696916,1027.6694594458208,234.92417118036315
17.268588332428095,47.85754915876877,5.9154954815283896,1020.3237100665881,154.14073023851822
10.198829602125373,55.64744491384702,0.8021413908349885,1015.2015336678159,263.4827568202204
9.69311128013258,57.41883160502404,3.540671188543662,1017.6702019047215,200.04088974822696
12.50728694493786,56.716369892260474,4.372124743982555,996.0254805086197,213.04795606626544
21.476799941183614,88.99471516617606,4.854839194322255,1016.6336037946594,242.03340679286111
26.43787768100187,76.41212189034567,7.519529361864196,1012.832810562847,171.4638100094003
24.80592130153194,69.51383891589575,5.54188015470646,1014.1012387922802,182.31933562002322
13.398016908378285,50.10922666108084,4.109584634144277,1007.5798339390786,175.662904019058
33.64595841989582,83.54637497438415,6.5725627719941695,997.8515864199529,178.85156090260287
27.136907500873054,92.07893324652429,7.628996157158067,1001.7668731764219,208.98228287063586
21.63062157534202,83.37788836576473,0.6654961151171813,1028.2760649624436,278.0215726506486
23.351622387030567,30.10173183744574,7.86890954192029,1009.3044846794827,114.83049984915912
17.588001872833697,71.36608906192146,1.1459910429776026,1011.3339104540803,243.2657409653744
12.431929685034724,33.32379979373655,6.60790084451571,996.8448426448704,155.65425430654287
15.679180359537847,46.74446932169192,2.602510644135594,996.3148180340394,206.42487373136663
27.735383313931074,33.86910552260516,1.4913474331540382,1020.1013506466365,179.11059127727546
5.431804658892676,69.2467044417102,3.7989172978537615,1013.8333132442389,245.54569611397318
8.482179215207488,74.62834437701943,5.329674345857102,1012.8047094475693,231.61059593438245
6.3800792606525825,37.44169647428383,3.3571388376760627,1003.5093585647934,218.20417103383863
6.221864069569104,54.94952739792367,0.9092405621202422,1021.0662756070473,255.6118585410117
30.663817520330216,59.65537308211023,4.995958547440375,1000.8882802687972,161.96383077406418
26.109735781400712,53.988446414459574,7.26802457083006,1001.6477160281357,140.1127107802313
19.225214872619755,37.866625031537545,3.3741152446043876,1011.1249259971896,170.76243987557052
7.935024819530044,57.2316063621859,2.122495832231203,1005.0197951739179,280.28165482108506
19.74847625350497,78.82657310754718,3.8193300944961153,1003.6612043431601,222.23825268359147
19.204153123416972,34.615498194661605,0.8627203328658566,1017.5833175593666,207.60980371502873
10.196056097300456,35.211700915323725,6.653656883602061,1017.784011082649,148.41730301215514
18.01554947713919,53.06013396933898,6.6975560821264,1023.8580974429975,199.40928505184607
16.955142031921206,91.21217125523012,4.910003475722213,1009.6197998440541,254.72619047711788
23.475502941566493,73.4572220369894,3.148271667037921,997.5579781859152,211.86288498026164
24.052809526029314,74.11354718371672,6.498375233343375,1004.578323472251,201.0597936646624
6.359120293161336,53.52479940446122,4.660152685912754,1029.3001912118887,230.1282169429192
16.238378438794136,68.58795142855499,6.694492314125122,1015.8690501331446,199.18326821427638
23.77579747142709,30.658526961803318,5.235940944372655,1019.8407979680358,140.82507219006624
20.094087757402633,71.34624301662024,6.38304104909598,995.2575240368895,176.2971071272915
30.694695235649668,89.3636515924554,4.9892224491332,1013.1372006263882,218.8854025773316
24.76080894856835,69.81727544241325,3.6060580116174967,996.3135030136131,203.4250693863314
9.88803281244289,86.79040857531243,7.684593949446032,1014.9230574232007,248.82758301701145
7.1170624220128955,77.0582486052961,4.558353686591335,1027.2269797372626,239.95548912269416
24.27257834618947,37.836297066239865,5.038171389054038,1028.8946695675143,183.73040141487064
5.795339316248654,88.6594649735797,2.1536572956106195,1013.9193436386123,303.07794716587375
22.5732674382039,34.31884988312537,5.192380920704574,1011.0371681838276,155.73354437782368
33.20690724274873,64.70788571560465,4.787057371122079,1028.0755982986973,194.1279241471978
22.26422533627637,39.23891304657475,1.8862879846026872,1018.5763441198843,194.9794197424547
16.645097786195656,30.760929697508764,0.9469032301485778,997.2714747838444,222.6450863997754
24.298646553270594,57.432226908296535,5.032694897860783,1011.3003952183624,141.36504207793885
18.7475867147455,49.17764599752016,6.227692020127404,1003.4085756462506,153.53717584029044
21.36850367947805,61.5900320968442,4.425510281915061,1011.4431512507039,188.32786400346475
33.24394426329576,67.5179926377458,2.200794689897343,1010.9412950202227,194.3050444164295
16.58307913402323,32.843039700081576,5.498914825197762,1015.375068098516,156.66854002098853
33.83571691471742,37.995214183043466,1.1007929495720168,1007.4869671622238,189.35110232895008
32.160519258681916,66.31175576927765,3.8137527860146596,1000.7494657309575,199.80674247302267
10.873734043678894,52.30587795622279,1.7252506879881513,1012.6301802106485,251.41146973050542
7.080839026254964,77.39627669071412,1.8834428829491252,1024.0571009521016,283.22676739073256
8.0233400413228,72.39895715847608,2.0172046186865273,1018.2404279823661,285.90292824923716
5.546654769546492,84.96428359434395,3.4003029278298342,1006.8428753073825,283.30271025763807
7.833288822677852,75.01203373349963,0.8836265421529822,1027.74330579656,316.5474663168557
25.490203202490704,57.94552003035963,3.4834508069682366,1026.9272649937213,217.33901379821205
7.13565945380687,73.74283045563811,4.337805853360257,1002.3271939784435,248.92169984709955
14.56926890881284,47.89977632660221,4.124707137247439,996.3796154792127,183.16017279894373
30.346259329083637,49.91037742058383,3.370880753022804,1020.9458047922767,173.32808741535248
5.698158072074776,81.28403539485157,6.793599560530644,1023.9663591472204,229.58629281428594
29.434054477668074,59.01726856610284,1.589950193153781,1028.8752598082974,219.0772495548353
13.455643243201997,81.89472213369291,4.292725578360304,1026.1442737930909,258.9160155748698
8.544944828649687,83.4574542884381,0.9653106271741572,1016.0187168872245,318.3266859899694
25.902114960924518,85.74155194798345,1.0336675915843232,1013.5518318724334,270.09220188266767
23.86828540339652,89.58129032967847,4.803993872578222,995.9744367941905,225.78458292703436
31.32416040581159,58.01403933336425,4.745138186658657,1003.6329756395672,170.54084179621051
27.052131314116572,50.726343190874026,7.085251346333427,1011.0865163106524,132.03562508557582
29.104427911545457,67.8429185286174,4.684052567450549,1016.9976365029248,178.62595006918656
13.461037177139195,54.12620752344579,7.6984326530363765,1014.5038141661444,141.32755075213484
10.323186313391684,69.06982084201513,0.8652113629994733,1020.9922596388592,276.15904207281403
27.51844254922575,75.8630810718486,1.235057635855558,1004.7918425810465,254.88631732855217
29.20504217801792,74.7463262019889,0.8304939617778604,1014.7733412678366,240.7243402611821
34.7151542600202,54.34593765630789,1.8895763775015502,998.0849785186778,187.40911735941455
17.378530307342793,40.845913110418934,4.559525832062586,1009.4782933254122,186.4915478366978
16.160542573783495,57.98440700004349,5.34179136070571,1021.2556291534111,207.9315010985969
28.292388822259905,39.26861936532407,0.841888684615016,1019.2690298700165,188.83942647450186
15.224106207590536,87.85630728694754,7.594781673841995,1029.6724958010263,232.61489866224525
32.922719768106944,52.48203494796073,6.816240324877858,1004.7261894095715,147.49815884757987
30.752382555290353,40.03988356951605,2.7245936161781983,1012.4366254710893,156.88594942196997
17.86982082125055,31.65410439387381,1.0789064766985097,1006.5335644820899,197.40555067170567
27.526132033744922,71.97845510862147,1.7741530491429296,1010.4211089920711,255.16210543339093
27.63628622254047,71.39865063455831,1.4520831031622952,1024.9932545454285,243.3260371297532
8.093716065077977,52.13927082778396,1.4246283447421013,1018.947317631597,226.50352729335984
32.076587200386996,34.661272775097316,4.389212664993004,1025.8854416971653,125.46220742239338
20.157571173435713,56.625878168190084,2.343855818700502,1002.122888791616,217.96191391027938
29.793723983232248,50.229137179120585,3.186047873968583,1025.5676391244504,171.35901086535486
14.601488030918352,74.01284158277561,7.9212900003824185,997.0916795962435,177.79866584203262
31.865696854886014,69.37565121442486,5.632356866940086,1026.1009748153003,179.92202373983324
16.676050362024895,53.6985923328401,7.61735500285251,1006.5175822811254,180.1800762913536
5.32512954440895,44.163016026574354,1.569174162748367,1006.0105671694923,243.96056308968113
32.16145929257791,94.22233780011346,3.3660460612442695,1012.9231001844532,254.508675738462
7.738600303584007,59.510105377747465,4.660488524617657,1027.924156570313,253.4077332710932
14.579409127712445,74.7378253257154,1.0756854641655351,996.6723477638492,295.4243110985106
33.50185901152415,39.13594289259345,0.531405827209684,1007.3280841274761,197.51410281595196
33.51821440812668,61.56333047786086,5.5282575034768815,1024.9800196039168,136.37491306971333
22.203136643698585,31.789886791515258,5.313646376010765,1008.8619067102413,153.09557833348697
23.95511636509398,62.85458266417925,3.5809160749970883,1001.9704914158973,221.65892106444917
18.453365659349593,92.66113146265064,4.172330570240245,1009.8677963465994,253.62560432379712
13.796323150941936,54.973436344077015,3.615822504440672,1008.4943375522084,245.2469835863085
14.859936361097478,32.534740817369254,0.6800378363366664,1027.0395670513346,242.87763716750482
25.175553682311154,32.01212640975733,3.0152870466309682,1021.6677031510084,182.83982402651785
27.5712358831304,55.21913939654652,1.8281169154796737,1012.6790444510402,230.11793253699412
28.747371311775456,40.401620870107614,1.2381814182602655,1029.592969835255,209.0797811061136
28.688544283836617,31.517886261332084,7.675403254170123,1011.2847135946573,64.28749330441254
7.7361830914607115,79.1538849067615,4.995197937816242,997.0383240787096,236.83459203213425
19.832609141077445,59.803995577322894,5.96492213177452,1004.1796012635244,198.4702468357643
6.726762800499328,48.800910178222544,2.865228074495881,1010.262466807676,224.25242440117876
21.485866469712064,88.50540689607125,3.448603471205114,1000.4915918451142,245.12678786270254
18.24591504120131,37.54903241303416,2.2769299542254258,1028.1647794213416,193.51267097159786
31.631125482748992,92.13472388209576,1.2272425322406857,1021.839711423622,294.34872238005164
15.52745037656236,50.407836629527935,1.8427372808118785,1004.3900520149721,255.71390086885793
8.512010492828175,87.74623870006428,6.481355339723644,1015.6781586731271,228.5900137879442
9.289750461585076,69.191286971165,5.581593538878319,1020.250720498835,229.66685691915418
27.845318951524167,83.73597838319668,4.6019665698910766,1027.944762511738,212.21835879718572
23.54654189948783,93.96085560868018,4.063174046500761,1025.8572372211393,261.6957456816385
8.033680283683708,48.74635345821847,7.418257127420933,1013.0317279148375,182.83980648975762
7.5232041834499235,92.47380655149354,1.045512108340013,1022.1128416927556,335.7357007267444
26.0290739437736,55.31632316865732,2.60450609928437,1014.6750663839655,212.93536041912773
7.182890190925805,55.05827380789995,3.1245339017803553,1014.3446361515939,286.21199993676345
29.655801778710686,52.12516177654287,6.368193591595909,999.0159685418367,125.68267839773145
26.187266814694887,65.19149447759304,7.943859651214785,999.4148180305654,121.02206580465949
7.440463419256993,40.01942780660166,2.305028860678648,1013.5336765257861,225.03323799155768
7.545131422555757,65.99124654827072,7.057305006028105,1004.4101540742653,178.56722090217983
34.59918735503526,65.21081280665027,6.729670703238435,995.7362915861164,120.31197461118403
16.22812387268361,79.52361781931654,2.1849304823132494,1020.2993721365074,255.8121565918751
16.11926441200673,84.18724752594306,3.4949943514941695,996.1370308841558,238.2799654884614
29.383987017725076,58.628687770307565,3.5725465196938933,1015.8346894386419,178.7151564576886
33.41745732151576,49.6516612078471,7.836655013949187,1013.871782794456,123.2458126370526
34.58003191468613,46.85676832561114,1.8566892603417373,1028.908514170223,184.41158910240154
27.601345557768248,42.650549385816674,6.4936847832858655,1011.9474598771675,132.55879906425832
16.287787565927474,33.74709284293662,3.0064453562983244,997.2260502732229,201.2716169163346
7.505021500960063,52.25911862425637,5.981527593321203,1014.3090788732262,188.90519979257897
28.314407477823103,47.56609998850091,3.6500825322174713,1024.4383659715636,177.93501022333973
21.752127492074152,92.81713008131648,4.83769822337405,1029.8897249498505,251.64702825125863
17.726660277409287,66.25107370625285,6.744588299945983,1010.0620110791175,156.97138954754357
32.19063155284208,52.57300753698299,6.531241737379131,1006.210455987386,100.77675551092125
8.33592446918454,67.73039406459023,6.998173876547751,1026.73286539332,216.55552028272743
19.778753128725775,39.04778558747021,0.9471299400849427,1001.6934745176643,223.31388400784334
5.340609343022572,58.86284369814319,5.690379147798086,1016.5400120261525,249.93601793331518
19.05981925982379,70.70523089236914,1.5499053254132216,1009.2000048463332,258.99837648155136
6.689098270455121,61.77835906650934,3.6186392601380826,996.4378827734445,252.28073084589374
8.564537488042157,56.11562204253107,4.614413112910164,1007.1550966006994,215.80471207447374
8.525787403313146,94.60014527848038,3.5205461356012306,1004.2829982875936,290.3738290642017
24.476309063481906,87.22045953968026,4.397087568522556,1019.013190388022,259.26209428714964
27.3813463779627,70.5213872803636,7.973947315989643,1028.2076674192172,129.3424563779672
22.50106295291479,67.00952847684837,1.5141298528464104,1004.3816515582523,248.86513519313536
33.86517645423626,70.34293118859796,5.565920340023192,1023.4013078703089,208.34400975018445
16.246117385711123,43.08528700845816,3.4700072478921142,996.9375935928443,199.12652038631515
13.571362588455822,55.683953312180705,1.497573491804966,1013.8342353513934,274.732658370466
31.057973845683808,32.56486963790846,1.6905257253073214,997.4692522298463,161.46249664107683
11.70787515558358,60.910492436643736,7.619548296842127,1027.6911546895724,186.1744279389643
33.89667618321834,65.29659795724811,7.097011225338215,1021.8222948195087,149.22207733032704
5.364634240694491,44.80373284670863,7.302814703112664,1018.0282468921607,145.53245973727422
34.09636480122917,92.6618750657584,7.936495818705399,1023.8363733568633,158.86024014333648
6.294797358517283,89.11454971092073,2.0623654250638848,1017.6631928449557,290.3300561856952
31.734293410942133,76.93931030463388,3.165795030230463,1028.9130539011003,235.69481356529175
20.831033272588996,64.67013086974856,5.519142724436501,1019.988528175267,209.53933604688197
34.78894388357901,86.54799537709953,4.128519048954854,1027.3630513353787,221.89838395563297
7.213896942061966,38.49240234852509,3.637921500337501,1013.0996162203724,224.17221964097718
21.615628532039622,81.38313662786751,3.183584370016948,999.0972544543652,238.71720956650822
34.079076068572974,38.11335290784514,4.953354739575891,1013.4862202498056,153.24026723616112
20.692935325104465,81.62369306571135,4.816950714800615,999.4405489822083,222.564372067612
23.881959144057877,47.9248919363382,1.7109337554818005,1015.7372717711742,215.188405603995
25.872460669538516,87.01088776618228,4.038048781388293,1011.8872571184683,229.07784573415034
18.636231943033195,91.36273609865086,4.651038321573874,1016.7901389241474,259.08792787097576
23.8267424025219,39.671738011332515,4.777152040485428,995.3516443369191,149.57371667273472
22.529429357693008,60.07391432925058,2.0758039468426386,1001.8194172079377,239.33655084582108
32.034740314729675,93.76417958057453,6.067035441892151,1012.1965651169246,185.70852265598452
6.363391410243736,61.42148333825453,0.6889932111580223,1028.2676246556198,272.9436286345098
13.428895687766909,86.13058896344543,3.16123891657372,1008.4263164124305,279.70376019152627
33.51234452229676,68.26754893853578,6.351594864017252,1009.8530209118773,157.89707143308476
31.70791351672749,54.39644401477412,4.729196907915518,1020.0143631152317,161.61470792901576
18.669702583571386,48.57593110918157,2.458718243831452,1016.1327465050141,230.4669479630751
23.603977934046103,43.20950092059567,5.712148395072858,1005.4624152534417,143.60954482539867
13.32143548943398,79.51688243955033,4.75543208117055,1009.37857384486,236.97534231459397
10.64363479171284,55.12513294349681,6.471827070922904,1002.6194929600032,208.03067944419803
18.910952148199463,63.232905043048824,6.0126888964236755,1028.8107510695572,218.42791474222653
15.600566840781585,62.00115620007683,5.07580941527176,999.5722033545076,226.43109355998772
22.509683355526164,67.52313690015353,4.161332564831105,1008.0142874598247,205.986878892183
7.332039108949545,86.2625144655959,1.4988659425064257,995.9043640277004,318.67884794402386
34.23184422998499,93.74805733292291,2.459997634140378,1002.7622822176742,227.18976007595592
34.586322334388086,56.4929735572981,3.6432460468781396,1022.3164898433055,166.3452835594737
25.944851420592354,83.7887299369097,4.994744652547915,1002.0411331301108,177.25142710942083
21.082890990323612,79.69430665255665,4.352808914114786,997.8022190885138,249.42695296083292
14.285828488589832,67.27938184461226,2.661383944696471,1011.6058612945583,235.76667434345956
29.413850591208462,92.14306433477566,0.5484826834228291,995.3489232157082,270.1336783128225
25.541935176616377,43.030843509346184,4.221794164256105,997.9668154049217,151.30111965199757
9.878508180346738,37.102173670125396,2.642194914216823,1023.2669054347041,230.93268688369258
32.32781553481527,85.50752785210244,6.009562255329013,1022.0015670700863,189.0310790608427
29.67611728769507,58.54473808119364,0.6795969895286262,1027.0298587141713,214.2286116103355
33.49399739875772,85.05297552345894,4.886208584793431,1024.9080402568761,213.7094124059585
26.771585251650798,88.05086333770197,7.56105678129549,1018.9111447133936,167.69293323984394
23.402455878073695,34.059743585239644,1.8080695033362464,996.8316500055232,175.52332616640294
17.547291088718566,87.42520959409394,4.037371180629465,1022.399701629533,224.0419865393129
32.9818545006204,59.14073859901244,1.1856649386285363,1024.5928783794195,198.5714456849143
30.98191668501225,63.17811178527509,5.1926143419601445,1022.9678751020184,180.0018471783899
6.356560103185682,70.72851322105866,4.628987604471692,1012.7967662357809,216.36947503532105
5.79100923491756,90.21486943745563,3.5552414315962424,1003.1515643527318,262.7283199389985
16.293901006341486,31.24254613793466,4.410327661053059,1024.5865491491054,175.62848124566224
29.316599923454987,60.99482544065811,7.224309938517576,1020.4506983409049,142.4838475625128
34.618283879448335,74.70193275798644,1.972207267333003,1029.3266411036097,259.4286607767187
9.512506733105845,76.97595225038485,0.6692338377901043,1000.4492409214577,322.3044609593104
22.823921460564055,75.01460804991203,6.962486635243257,1002.8982604068219,168.79105199959395
16.426725698930646,38.73828341152792,4.828378117909299,1002.4129352458526,181.02747631777143
34.09743193443809,49.46071324415928,7.179938415963818,1022.7388918667468,136.58929938508268
30.26356769407126,53.31650915210588,4.9770891755987945,1001.5417553757542,151.43853611435503
30.149861141334135,82.28841849916782,6.5762081746977685,997.3330940438157,156.5168449846913
19.06079479384911,48.11939170694595,3.7225502251636096,1029.949628230497,203.83814005718241
17.444585070129953,43.6958226513682,6.123949484662016,995.8686024005802,155.64604697501477
13.202212157921187,92.23412123747624,7.34781100167392,1024.2335421055602,223.0066322456659
6.6912648995278134,30.57611353237548,4.790922227916547,1007.7878394542729,191.66428403491213
30.941671287651598,94.85835561932858,1.8558886292178465,1024.4565410915236,254.40231413134376
29.387030273902326,73.99338442573071,2.515982112726486,1014.41171719239,210.49564193164292
34.991530198583916,83.85050446419261,1.9898343267305434,1026.5570930320225,241.97272068194334
34.89910511221716,49.150260762502555,2.3514277069679967,1027.4167545245118,193.34918910215416
21.662951168078823,30.930493048358898,2.7981158701327726,995.3184363448272,156.48046994839171
28.069622455415313,77.96151870649945,4.6635034006489136,997.6394261597476,216.36257089952755
33.34297189647284,84.21939880504392,4.909937220978746,1003.7625555349799,171.98311365269933
30.489421720322344,78.13094857697874,3.6987481043139585,1018.4260395727225,208.50028683669785
12.42044305229593,39.28526867455451,5.1156558486562655,1026.0895268779027,182.93208176109562
18.516324059302804,78.97281494670298,1.1118119420852444,1011.0979682952888,266.21340596138197
8.87478245454485,79.97998083699667,1.1584117779361998,1016.2440590695993,291.097612229718
33.621530817761666,72.80513351855356,1.7887209526824384,1001.5974948478446,249.83168717339493
23.1852390335264,79.7975356317131,4.385581235302586,1023.173839185859,215.5440503311738
11.859284165103881,84.9848935790526,2.104960090237352,1028.8564838973714,328.74203987551823
25.151020532175703,69.8842674254348,2.62463302619433,1004.4009626520109,232.98273850846545
23.543847213736875,35.75930640802914,3.5023462712974553,1012.3189083060191,174.9285085409393
15.744881540985215,61.695807628368705,6.588995930077849,998.014063867723,189.0269718530547
8.40672776598887,35.04720675365433,0.6039660193464509,1014.5697829762039,282.26807039888735
25.14719586778399,56.490297017108006,5.370341151774668,1012.5974204646338,159.95335204540584
20.6092310271138,56.4619217931658,5.51657398280514,1000.0552769454277,161.7039986211688
28.16955175206918,34.2906398691157,6.489918352674774,1010.4723174591327,110.50726153955534
20.604905033359803,52.67333470801616,7.495647042952349,1006.6936628230297,150.29339515197933
30.565445009556203,37.21487642143546,0.6510338671196737,1013.2640806356816,171.64926904673018
21.557205163234567,82.53528865059944,1.6533777913491214,1015.4979017400079,268.8889956629664
21.828139146061588,91.59972168769059,7.146284705419948,995.2973452512523,227.5732809101154
31.29960807975035,34.700570891766006,3.9388892164026155,1021.6352094032344,154.85953581029133
17.104485986371913,92.0824884739606,4.734429792000976,1019.9555002151609,248.83217058819113
9.02045685351922,63.967478956888435,5.472704027923605,1007.8200235172283,208.52891459967014
5.863480289400169,49.4717690670018,5.59299953371728,996.8527577449087,212.52796689778904
27.65411767020857,34.996034892950625,7.488053024873811,1021.4226388924768,102.42113266610865
23.60928654060394,62.54057742457716,7.977120630587522,1028.4311306167347,186.06064433228744
26.122393042976707,81.64351039189867,5.901180956982052,1003.4053058607705,226.8085506803277
11.388924845267322,75.96062102233537,2.654159069038631,1006.3233614807963,269.3496053723847
9.091144267603093,33.2646907451583,7.098143017207577,1001.4334511318635,151.1231720057989
5.436339970036458,34.738619298913726,0.869156859055712,1015.1927643170694,262.6524445512724
15.51762676419791,56.186763371121415,2.2331063965587212,1000.4194488126609,248.56109130091244
22.697530605638992,49.19388211311632,7.2303928809778615,1007.4667880211483,131.96526001475556
16.76732135299197,45.10498099864311,2.4214363582951623,1019.3954554876992,210.1702761873251
18.124247660711873,48.265292429066385,2.1548829471631135,1014.6040594053272,201.46079550562143
32.12476083481245,82.2263783142975,1.5359396985518543,1008.5261897514778,250.09538021028305
15.447664010699011,90.3998234860705,6.943338182351874,1009.7087360632639,232.20897156038228
20.419684674794325,56.33167514429182,4.250436943933151,1014.673880891813,180.0723323905455
28.509590382234293,88.89721513861231,5.561699022906161,995.2052654760506,197.42677439973704
16.896283469638107,50.89722058111233,2.2929978805627225,997.7478453958763,199.7782498578745
23.662601006836205,60.968404112346455,6.185303157584124,1025.8440323717055,164.9525166700911
30.870911262402355,44.691884858039984,6.200041587215739,997.7257646181952,138.021366909929
33.485618709729266,71.63094274142986,2.844485186812251,1019.7381258673677,202.04276430144265
9.412204427871139,93.63377248636257,3.5801197475771214,1027.2013357438168,285.34695319093987
32.79762875484484,69.22705124281961,2.0726770807265065,1004.4739261505606,191.4744846633307
19.763488792386145,53.25791546738068,7.824207674921782,1007.967200297083,151.46007978694925
12.74733164896875,72.10813398938434,5.342019327938087,1014.9122492045651,224.51619411813977
18.77407268714784,37.989844100250195,7.509079105366366,1025.8598139373505,128.8813395864375
34.40097725856431,87.76284021725091,2.7753915772184987,1027.9666955541147,234.55886481017237
19.77854281978609,62.700456800689366,6.364181847476673,1020.8847136838943,188.0475542971536
14.862548308625247,59.207733232576736,6.243939829135565,998.0316916299142,172.61007230469934
24.002025629501773,68.08121124947874,5.687417388999061,1018.4203954437198,169.37601355265375
12.204368563345792,70.61095108131116,7.742292314501003,1009.3606302655431,218.2157576692042
7.275899843259918,34.665427404723346,3.4516650207973667,1011.4745349821872,198.6699701141865
8.866391657319477,74.37011937952116,1.4803799269231797,996.7201936620812,279.26783266915044
8.841375168733173,45.725559220509425,5.537816444330455,1001.6871748771225,204.82625099350187
9.55708080536883,76.40692111292833,5.969823503579046,1022.6679762636777,285.70602574560513
9.164815179482304,83.46476163497279,4.81295430094111,1010.8885591566751,235.76336593836976
24.226242344096438,82.25730299091381,2.0511341985004723,1005.5581784570902,260.39051711564025
10.456402531974344,65.9125628815128,4.283419562520166,1008.4406675887735,222.42999752767128
15.370018499715897,63.81104300019883,2.8414230242684706,1024.9039829663989,235.71745965500222
31.903652297180354,39.28693748706176,3.705998961250168,1021.2149656091735,149.7577485799464
19.218849207886173,80.39749977620382,5.339139318834979,1004.5310389013379,202.06725938294048
25.026732155630814,47.64160972903643,6.089110570181259,999.1125644074331,148.05103258173847
10.169596136048895,62.28520248316652,2.241685181760073,1003.8199377575426,231.403702523661
10.768670564260123,48.47781604028859,3.53994020485215,1027.2264757869157,238.3900245750523
6.226058487994366,38.698843594980055,2.5187117824372187,1015.3556093247414,230.43730649186074
10.068051892164936,70.92125029796287,1.9897371039640184,1013.6718073060674,278.89511105349806
13.35771017095876,33.53158226348875,6.375404149968788,1015.8737759892362,149.73999126022005
10.310314528302404,78.661940218203,7.319395208277443,1007.8109893011281,206.01767387783073
7.661076012711669,50.64314169197259,3.2767413926343254,1023.2487457111829,240.39891261297365
8.619076133018025,30.008755045291547,6.134591932803252,1013.3150187255087,147.00009151216688
18.823363040981775,63.223394050419934,7.227464670233083,999.0861765969079,163.95461756011568
11.190011552173775,33.0453740542942,6.845931578976737,999.5172793690172,136.08523280551117
15.928095831442263,47.951021258358466,1.8711004140441942,1013.7900701275917,215.73330593574622
20.10251812564571,75.95347168462155,7.672189111350209,1027.7799576324794,156.94627359648007
25.71184485888096,34.07482540542128,3.3250733032209685,1005.792324258667,186.52995626891254
6.179364195232968,84.55700200314016,3.0443049588037727,1025.4339409100726,280.3130351316535
28.98231196727128,30.2482949728079,0.9682349545833525,1021.7433455302607,207.56028398739517
23.837011684727234,46.04355149812365,4.1463024057866225,1003.6734355017418,191.93520236227107
7.452770958466157,78.15876364988463,1.3176021173069654,996.2719261910685,271.80252404534895
31.207358723203317,50.55755973240494,2.3640486569556947,998.5646542799834,171.0632223567971
32.626172015954396,36.62300522429088,2.8770696632546104,1020.4972876846604,204.17431833656403
6.832338795645913,53.41520472202781,6.56619742618763,1001.9884408314226,217.8494181398838
13.30632944441611,47.57556361499416,7.066164877969224,1007.9944822176888,164.29701194594597
29.18603839379184,84.77627364043607,2.7684973809610227,1012.5594708102249,243.24344405761408
27.44779071150975,50.3676146430343,6.940235909334304,1020.3913858957557,134.08074313288728
10.53563058069132,81.28061066544046,6.9292320302734325,998.9630928140693,223.15682445847048
11.28047970010131,87.97168941269776,6.234882127886552,1009.2228241847112,226.26010212884066
16.11416308374146,58.198132272474425,1.6002133551138615,1011.9775518199943,215.430289453275
19.53568955573064,89.14630435053547,5.677421351755467,1013.928947239004,209.57162623130674
23.54764314590888,54.525673507607536,7.587680484354266,1023.6426224488325,150.98259076789574
16.067409187093173,92.66509707185703,5.619053590753678,1001.0087368265126,221.22218836593768
18.876041483994435,35.80381909416224,2.9871263683087546,1023.2741008139318,193.4021859901987
27.424128144012695,74.65625232271077,4.254344880731235,1019.2507449693828,195.99703303325214
6.100496086717937,62.09791262970036,5.3429378251329025,1014.4554784969636,213.88190320048065
12.573108330320622,55.19717235461706,4.329278065463777,1019.48347546409,229.4512841273588
26.400487576536573,71.12627211865906,1.3996470629822737,1009.4206208633079,246.809721995732
31.85620513061598,75.75071095623153,2.840480334890155,999.8439155088844,215.34150380620625
20.35032326346998,30.28361252727009,6.517970229152244,1018.3017834092879,148.98281716887556
20.96340455795947,40.85195076856792,6.960635345716381,1013.3635307339968,148.97134621128035
8.215160340193282,76.34799329123072,1.5297502453667766,1017.3781180189972,313.20787534494923
18.42237100470364,73.31505188258342,7.642900642990434,1006.8299573359972,174.74674419926507
20.978517993650694,92.79308783336401,2.96616963386457,1026.7403302068942,264.611969034939
12.27411510904189,79.4674563663009,5.4673530404804,1015.5579454001452,215.6044380408645
13.077296928481429,91.80022600253697,6.138688594675108,997.9890869501805,229.30878110209306
16.31852489313868,75.66513259976244,6.589596759784126,1010.743139674655,219.09732029823465
5.602135933331791,49.3733935615638,7.593122766694476,1021.4724619160272,201.60262822037274
14.66237496749535,36.84871994630567,2.8468966102161697,1022.7947096606296,221.20405296604832
11.34344020989634,80.81855111742081,6.938798409136659,1012.3108968467316,191.88195968195512
14.82492056533744,71.86969939593453,1.4876517757715528,1026.3161649790954,290.6211167581302
8.592863954577536,33.13209080556425,5.787806797651945,1004.3683953018004,142.69029706479316
31.715818422196847,53.40328028356359,6.064832971354894,1009.3709544033393,159.3985571435463
22.80777360662146,92.1919880064786,5.582924309009903,1026.450891869914,226.55470951327814
25.37306957433469,62.52607447116308,2.3923605210136474,1026.3689850765052,236.8822089086992
28.67513715822015,58.127393841280806,7.0478236026140255,1018.9999469088639,129.83459899541032
19.95326596787172,59.75047433535411,1.7664384752779625,1025.0643191492777,259.6298049544038
7.6076086426227105,43.57737706033564,0.9022609364062313,998.1070643434681,226.4050480260594
21.113196254556435,53.96596610621169,5.880987429589341,1025.274824167272,167.9698489997583
22.605233540626372,54.03786163916648,4.066067864245502,1006.2216967292579,176.76878470896827
27.3631842255299,33.4030763121857,6.86823514969007,1001.2416029349876,87.89853282983145
17.94978638689038,79.89189585366469,3.375478557936942,1003.3779442719716,247.57809689980854
8.827409083866913,57.072788073752136,1.7620894138078462,1009.628897780486,284.53589192996833
13.513277173961734,83.44169264306751,6.773316443524023,1003.7917201611564,256.86672654297126
15.892468891959053,85.2726200727932,4.616822237300537,1006.2198655105775,244.53383718968942
24.377517239948038,43.77961355541277,1.9189684429276617,999.7242470125075,215.86803687202308
22.123349140067358,72.72797634105837,5.902879989398343,1005.3661867945649,198.26994385418084
15.682901776935388,60.69831727059381,4.333352288671254,1015.0299335089701,223.38540516650994
34.59545746378939,87.21018796489653,5.032347366802399,1010.4648797831873,195.59421911929428
23.173244580706616,44.02314414646952,3.956737536549364,1007.1351566432569,181.13713445883997
12.116803752079834,74.05785802015288,6.7153173786350475,1021.125824509999,221.68112619897886
8.053474178612113,69.50388794642697,6.721720367622874,1026.2728489987662,209.22403636937693
9.585774175529961,49.19459604216913,5.820416163682896,1021.4876228015839,194.97657462715284
12.378731851535244,38.87905873732622,1.290510330473467,1006.6200245741188,228.3613946787034
9.820441197786671,72.35658443102298,6.791403964280517,1021.0554758743144,227.67146234862264
10.597010721539172,78.0088347786015,5.532597353996824,1000.3193063865918,214.59645416158912
13.552855060815412,50.515777344617746,5.7276812450322465,999.5611295831952,182.0192131882553
10.201207858842645,71.9141192614504,3.2223713030290373,1007.0969462962655,284.01029597668264
31.902962738792755,55.68350899474771,7.09459667117755,1023.269582916542,157.64589415157334
7.407012369849266,76.35844741337016,5.940287001761431,1003.6221886534805,251.38811990419995
20.735341687107642,42.94899286811345,1.3444284989689586,997.2138693114538,212.92459967880492
17.311904809689846,87.86397517135134,3.55833525804622,999.6098337322225,259.84342156554146
34.47135850725819,48.68162377026268,7.147852714701063,1025.0560738985353,139.69836763631716
8.36116706504157,53.906089204149936,0.8539752627303425,1017.1824149661551,291.88995710834223
16.935667971372247,33.77597688522273,7.710624647315371,1003.8620407179492,98.36744824523193
34.08411299826106,37.24829380088296,5.593719262396721,1014.4353538864864,106.26496656842696
30.965213776819407,63.53102367630133,5.235319832325325,1013.4652867848872,193.61531691334017
29.512162128478398,47.39352398731815,2.5291944236599355,1017.9402592454231,187.17039979137985
12.737084811348195,84.30621467324264,2.365938415543828,1003.1615644047565,266.7806502582975
10.126627621701974,30.955070262572,7.565436646164466,1025.254104551804,129.2343629879157
25.05929659773293,54.641113163675854,2.7370434067559204,1005.8278996728004,196.0000559886253
32.88127967382758,51.927460539991024,6.316289725392496,1019.2946078891683,120.46543655331583
21.702886790417892,31.256296009644068,3.4484134865530938,995.5643626230275,197.49702915843886
22.148380684096995,38.083945935033164,1.5444055308852798,1008.0429995462952,203.49232396401914
13.399372809808526,56.88677386971129,0.5803647327151922,1007.3098436285583,260.8073088542742
28.084787995758106,62.03619798908403,4.581930027614381,1014.0219550004055,195.72788761272227
10.6113124567257,56.278833571566494,7.8183411391169955,997.5457691622019,183.88324153264477
14.71037709212731,64.5109490967861,3.2685214535690337,1022.6545980804137,254.0791519128874
17.763093158492502,68.6835588688693,3.178942504947836,1002.6223280618649,249.27406888367793
20.228311360533652,30.645048373309315,3.0806871338708155,1018.6963235208704,171.93287995958016
12.272291972452408,60.166185364477755,4.404078779786438,1023.1124243135432,220.1019394690371
8.445104742176106,92.62745065769323,3.8049866256822016,1014.665693468453,294.80284189970723
23.318601273248976,63.73709820842067,7.099359700452609,1020.9309122352695,161.5543219425073
13.658916597207673,74.04024738483196,4.291405937926177,1018.1651109275252,240.59964197609304
22.437146642678368,50.27115076459741,4.308183786414266,1007.4435429003203,190.09819571464277
9.63088145822607,80.30943957992957,1.5377869604041745,1023.3100488661748,307.6903390563666
19.434203055644524,80.23989632194748,7.870546556827895,1005.3145479459935,158.9583802350906
20.977682976547577,63.88424309751903,2.3747966815162225,1014.9924521213031,244.88322391920133
6.554706104672807,93.44089851314888,1.05023050594702,1021.0889208699539,323.119169347525
15.098128345817617,38.16076395957247,5.473596867314066,1008.2634568434378,179.05650346568882
9.032440308169228,31.101598217822765,4.965247776176545,1005.5968662666098,189.23552631532036
6.901249114183033,80.06028376421125,3.6135924049455928,1011.0771103560488,294.4206624958048
34.69880697169836,82.46510992871737,3.6664417541050853,1023.6287223022204,236.52189327919697
14.67061534924169,37.81346989283745,6.387979407848234,1027.5472617100982,183.9598883173025
29.296233375639044,47.262884142309396,1.967844800747368,1014.0779194500961,219.21666855813874
12.639219642912916,31.14090361883088,6.651899892086673,1018.1513171863278,156.539929042282
25.44508166671788,49.065059700736704,5.365603354212636,1026.614576778362,169.2569384874671
27.806835796690596,80.25422180471365,3.6422733033464327,998.449139799453,232.88077400785966
22.869162218235328,63.667434301317634,3.9352146243790145,1003.1227502253158,216.23863787515566
19.14728565650475,52.626213555938726,2.4248540538957184,1019.8115002188053,218.8275993588674
17.355227424418054,54.16305416891147,6.140857495227311,1023.8310561669305,188.72884885535098
15.46604799628986,30.08798567150543,4.346560567289508,1024.9960159915702,176.31474556878692
32.88587432743478,49.48703429174033,2.906409070623827,1009.5287511899227,166.1756758595423
29.918582233631874,72.01981820646549,4.970375868207126,998.1268965802153,205.59330321208952
33.95080731999538,93.3226388480632,7.968008390384923,1010.3223517054867,173.3166209431663
8.728916704566341,85.05895375395346,3.764467097424154,1003.0757106572469,299.24796883449403
26.92602425610933,31.533672701959393,7.405185505839647,1005.1918759248819,82.57724936409836
33.150213704631135,88.40643930386456,3.0876262994342456,1022.0293644893127,226.55799896118558
10.436991984969804,80.90789686441069,0.9104953019373941,997.643448010906,294.6380236722354
6.994888021003325,80.72444803211373,2.0318157977632163,1023.9653426118246,313.1604546064024
27.233619478701772,59.76972433523215,3.6402135749576314,1009.968418003846,202.42186163211073
22.234193395397355,55.87034404204268,2.1472619644592674,1015.8622375885209,228.09772511970863
30.254863302748163,49.68952237415752,0.5017027866369166,998.1378280932488,195.42177877581952
9.193171298788684,34.270165832033776,7.362511533106455,1006.8075677425048,133.56913312856287
28.858019355796706,44.83529862709044,6.829095584231967,998.1395321655197,131.18993906243875
11.048819601432335,46.0292362735716,6.067191736152103,1028.654030300839,167.32735578789
9.909678285971136,61.465009531163105,1.7586094673452148,1023.2541577264187,258.0485869889107
9.927973937929789,78.5838864287851,1.4027268215748954,1011.0871464024762,297.8347108335345
29.437241606941463,60.79763884586653,1.0070356210428737,1002.8260891913285,210.0175669081979
24.955916620886004,33.75988921406544,5.930218915796909,1027.670928683745,165.53314690312044
20.69196274307358,92.25633706423325,7.4660597051591395,1007.060880850444,223.90813114931956
15.764914523705075,91.27708074111729,3.7290186568477774,1000.6344551090581,237.77861785948772
31.31601622439325,81.03732030464654,1.3935550399703613,1014.7107535958884,234.10399232405643
16.773353222679063,94.43631360167434,4.342946155490799,1028.0320942120686,230.8757362378695
29.497983184147312,65.39135163201709,3.116239305939726,995.1340601675113,189.19926892289035
18.17404725710655,92.5799427664584,3.3111869326249828,1003.33436951389,275.74644226173007
16.308332882747226,34.9143276400888,5.159979681167805,1027.8456674143642,165.95954995980358
18.880393570088195,53.76924863698913,5.890385849466518,1000.9880088400007,180.92282794276574
14.041336224924262,44.64978242043978,1.3295269915487062,998.9635208073937,207.63712231201077
27.428281405287535,42.72915046872755,0.7669267310485729,1014.9565525529931,223.21296627323073
20.081611702774374,39.15219167802395,7.957477270142862,1025.1645338153191,124.16726650770916
11.96638085440452,70.45688670178978,2.2454626168666385,1011.6988436192875,263.8997299845437
31.987237198237054,80.78592062357484,0.9037289368134431,1029.8097489839583,256.52018548179814
16.516736641196342,67.58939596232344,1.9240649682193998,1018.7710094838297,237.27211465572483
21.306585833419657,39.55257612323363,0.7921838476134817,997.5926217523656,196.5618803572598
32.19416332893641,82.7230450456756,3.4385817096287874,1029.7491246088691,241.71265216326705
23.727139877419763,71.33705596564235,6.518013383384932,1009.2762982873066,188.66958340065443
8.506941221250923,55.230770898254704,3.0593333731829047,1005.0590886845919,252.85789138233534
33.19496370840425,73.8184692098441,3.8313755515877492,1014.525771425226,206.96294809601852
23.831241592142536,46.893823650784135,5.566900801755791,1005.6507657137303,161.47553870750275
15.047168439712584,52.437493552123684,4.316705525524101,998.0260127492053,174.1104937560125
9.178162179901618,89.63657980357937,6.960842645159931,995.0499920077712,225.52029729345077
28.820755678108878,48.882792868642326,6.995267562843174,1010.7354173522092,133.9384004745155
23.602182677855406,60.549237430265876,0.5743302161836523,1024.2902197779308,279.67602259706723
21.003832759289647,87.85917393074095,6.335347298623994,1015.0310314970527,226.5001070559368
31.81677749152873,76.00188776738929,3.955502001812554,1029.9722554630205,235.0154135071187
28.657916336735923,34.04320970070568,7.916304059777473,1005.039632597652,108.92806186066089
9.550246391982535,39.57469787813307,4.124240569065764,1004.815927266602,188.2949337082383
14.351662033866447,30.509703400174594,7.901719590412231,1000.591231108188,126.88136774049282
12.454674194433972,71.00991636489562,6.159270209043024,1000.7422255892867,212.2462206157536
27.31838877718031,59.098772651677194,2.3645366345997973,1004.9815308603517,196.05505240731685
6.005973042073381,38.72786530864791,4.537962344652183,1022.7494015845734,200.70884016477413
22.096690546139495,92.26571786869007,7.94101729608937,1026.7014876722756,200.0850767456363
27.873760572220718,64.4278820564653,6.9314795581394275,1029.1280509397689,189.54664268174915
31.302969102852483,45.7230641173378,1.2302517034341582,1003.1301378933758,165.53692597517022
15.262452461477224,62.53923212505599,5.797789976074971,1025.8454140964932,222.23943111536715
29.637719140160385,74.17532162778201,3.091846894031098,1006.4889281247068,203.16765486739433
8.318952108656216,34.95554916828169,0.5523669641026109,998.9494190580909,219.00641252450436
30.393568752035545,47.85574797811298,3.526107267702497,1025.4508723932058,197.39973872294652
8.824659869959472,82.45275690745959,2.260658162937285,1017.2636972125266,300.1518169012479
16.918618716811018,59.87821657617298,6.641519528903537,1000.7655813628371,195.85452216662281
28.918860973386607,65.52751423209918,3.029979566343241,1010.044094012955,220.75325353874408
9.497522820463214,58.1330401436155,6.7064277046536285,1005.0540193206974,222.47472762385058
11.877541856979246,32.853496271795336,0.5044845412609649,1020.7878099048569,245.46259467963375
26.667577051791987,40.77373568831014,2.8086436251958937,1010.8695680718494,179.8593815054451
26.601096096382232,58.960206518222904,2.308739107308215,1029.6247980787234,226.0208443058377
24.234428986558918,43.59705525151531,2.2517552080145826,996.9160743790858,212.51997883537172
25.818453334013,33.24863686287912,1.0113996482409702,1007.4255343147686,184.00760597733682
21.281733300427884,84.83722816336854,1.9034320280787629,1011.8665058488492,258.0826381118772
12.553971767208584,93.77751439566754,4.666621774142149,1012.6096744161912,259.28268502892604
15.370879805117584,81.55428680978807,2.6852080462830834,1006.0577537834973,232.50383320350855
10.44793150404277,85.49601991080335,3.6304608674686096,1020.5234087184149,275.26735646684705
32.25351684000885,45.72851347060795,3.326501602603914,1025.6161475721142,146.99138206795536
22.501753842983614,92.44075340835798,7.06928693749921,1027.8551755692251,215.05766727286561
17.025542502909197,42.800170789472844,7.289742492578866,1023.1782681879835,165.28913340315944
18.860174109323978,91.84293767351909,4.197177287418951,1024.7703069057309,250.5408854733159
33.41850018835446,94.66325410778681,2.976169627367033,1014.2690855216998,266.9685681661483
9.600542093482407,76.26198237349317,1.3010052800177272,1023.9060879249386,271.69213135944983
22.586894960503916,93.77434256646842,7.650521595365713,1005.6226368201783,218.4729630517328
20.17666036653398,67.02008567186174,0.9517020867522309,1008.9467566738225,266.8257606883944
23.343627063039435,46.87021590644587,2.7323770817621034,1006.091955483649,171.63310636204693
5.5433055146252155,58.40473256826536,2.7354965087750314,1011.3585567406774,295.14730819416565
31.163717268324543,68.58146079962108,2.9030096460516117,1004.9952865683523,207.00691274684837
32.96354847450837,34.75030153175597,1.7321513245430695,1028.6564004789057,166.98012811676253
21.953995507676268,70.45231220012099,6.373710731927729,1005.9495619801984,164.95224621953034
25.899524716306768,93.77655938954913,1.418733964744919,998.431558833883,268.51546240477387
32.67498143531887,42.356997235942295,5.261799943648721,1013.4386008117644,138.30384490345247
26.21715902940196,81.51868255874491,1.428845200293631,996.9984677455811,254.86256475278975
9.57617128742784,89.01342159567525,1.0290172819471741,998.8690108208003,301.8112001802116
22.288650805004394,91.34060353331435,7.320721277644074,1002.6786286218686,210.60833623563786
23.201451391485676,92.40881428635407,1.9259657473902925,1011.252258745875,267.91543529466094
17.72392013907158,63.89487651689568,6.659376159197782,1010.163782630816,154.92117491030385
27.093327068741687,93.52501401944774,4.584731533303518,1022.9892151700977,234.03399301783895
33.03101044307044,79.22516346373853,1.083923897065772,1020.8816128859439,212.4523949221051
32.767055387203285,40.508643355402526,7.665861435785506,1009.9211402896746,110.24733874526167
18.525181142123962,60.99850692041805,2.3522087524391937,1006.6796472651471,218.21217048276495
8.397141375222658,76.69152639918025,6.947340090144548,1006.0764074421525,219.6561526899738
34.54523596887004,46.077120528240414,1.7660750433842314,1022.0898280552904,209.49203858624819
30.166942593378025,71.63998693067768,6.904571616063897,996.8225342177444,145.32593353587697
8.739880436098005,73.32903113803025,0.5992160967897049,995.4487577328712,306.4690064597472
32.625256478521166,40.57548334755678,4.338353424271105,1022.8440537174326,146.6260932191177
31.096890861863848,66.73054530942916,6.270819345661676,1011.7001231596167,190.3819171803482
20.56514171378216,80.15574921360951,7.510966381195875,999.5808398493751,180.20817892249428
22.738263072347877,62.42821819483623,7.319016021548653,1003.2448077108075,147.25640634965515
16.970081116103906,30.786702590446982,6.6471865216073365,1027.6376383584084,155.8355305716741
6.64284916466094,30.587500490153992,7.161435122459781,1025.0826041468715,153.8516414390349
15.055917249377028,53.20690735805079,1.9941476437780739,1019.842476757839,226.26585713683517
29.085603457940344,90.20261444806583,2.6313822178379658,1011.8778830618064,241.57702509900523
5.138960690138086,44.86399067423457,2.667263936907939,1013.2113269166985,237.28430868392087
15.004975150734325,71.23363977665966,3.327904482512741,1029.1335587349386,270.2828396089437
16.9450608077283,44.434931595065834,3.4499050278889154,1028.80196553595,177.65037684922288
21.121868088137685,50.90854932787066,4.584164934910066,1002.5344166025042,182.94297080641792
32.59566849238281,85.12273582409645,1.6990982252483104,1023.3886598206861,259.4326673993156
15.390379830978837,77.37599374754654,5.68434997839492,1001.9034933158456,220.63895718470067
15.40859605688683,36.20095302535869,1.7567490447837986,1002.4738117259383,230.95849697374314
27.125037443292452,57.86563136411819,2.8273136157841066,1018.6632561957601,206.49868425146687
18.566538226694213,31.89603463694219,4.275088479546156,1009.1750384505642,165.17490598380007
11.738144688199458,61.257859529195585,6.47330421142608,1027.6040542487283,210.830492470551
18.5731854839808,73.05821076056942,6.046019249290454,998.1153407213603,200.15231323600986
9.225710611393996,37.702670533879854,5.341507673078917,1012.9033974283323,178.20763367804827
10.2916095951867,48.777521029095766,1.6682994543512761,1027.1482535655093,257.7031447664807
19.951033182184393,55.8593806576402,4.602840092116833,1026.6439781167826,190.51140666499603
17.56776348513644,89.76951660264324,1.1558487634991408,1000.478522469551,279.50203523496447
32.445377032043,94.56157600249266,3.3302238259748806,1007.832319503376,229.03486869501907
15.871816973498994,32.91923443471503,3.6013739771746938,1016.6692490016344,206.98134371670034
22.417650508341303,79.46551502720048,0.7985857958431537,1000.578820966999,219.9386165724328
23.96792863758591,54.16206431615231,2.5549107460247886,1028.880776021601,222.4258614706064
5.392833697650009,55.5097821049162,7.66737100449867,1027.016226505468,192.64339424348708
24.906121160501318,79.02722326755648,7.652244558722671,1000.8432562662064,147.94754956268184
10.341079006092542,89.69771808945157,3.1424529068940448,999.2404411441345,282.85459980969307
33.832109524083656,91.81035864266565,0.8232508171124304,997.9892968982892,266.33413431616043
9.459881832593389,67.51296809249085,1.8432120449613616,1026.830528241282,284.4799320680937
17.43872371181071,53.212875354532684,3.441633450751551,1001.7768333428411,168.73606919491215
7.560490042359316,81.19069058082064,7.608347734769223,1009.5699724990524,238.47069972044338
34.90622755537842,46.315089912049515,1.558992976528887,1010.7097977978201,176.9628952191257
20.065850309937275,66.66481187417865,6.226368827511592,1015.9653865474748,200.62947267725124
22.861550519601312,53.30759999911676,1.3151190453101906,997.5107370311599,233.98354593774837
7.012294321652824,72.68101979101195,7.859431830434576,1002.936551609018,188.53110318299792
27.498814111975335,45.62592933807795,3.3621237433185125,1027.6021635421623,195.73895788885278
11.297167792867572,42.453541472763675,6.31425904174292,1026.7943537544,172.59144657525712
31.941628683221413,89.6855406339034,3.0694331210834886,1022.3451726591992,208.63569595093966
11.154189214460215,36.6172393917199,5.207516578691065,995.6790435966375,191.53099749535133
10.720631619909998,62.88726400277056,1.9401206355502754,1006.4452368973635,246.36537024675687
6.096490035442846,44.35543089259558,1.595157644727219,1016.9785557370018,237.57336835708549
19.162008353299978,32.53044761616839,7.535481046760984,1004.6316574120716,117.5000467511572
21.945233997878493,32.34122318894271,7.3823545842832505,1026.8355343268822,131.00357596782445
6.971259182850571,41.38941518687878,7.156017051596618,1017.1861311641354,171.23627913371882
28.26582850085032,86.34007304289003,5.190750876249451,997.5167351060755,215.06337932466647
18.598665042440828,48.36111835850673,6.562011584122087,1026.8151956092497,147.27532998026
20.7317080798274,91.77984608739422,1.017777026835312,1028.521833036168,284.99777140407036
18.222882408146845,67.80544904429757,3.0109178141800936,997.7199346437104,229.65737682022794
17.02289182625978,58.37992233496979,2.852773435678672,1013.632608220146,256.93519685429516
21.789209939246536,67.70577425351455,5.2673399146446,1005.617749877496,195.13542757911543
9.657207377921376,63.58539503970741,3.169683301029804,1008.749367676849,262.4084265525976
10.457843914858135,79.32045649422614,1.6138008623276061,1001.2877926284369,284.59102622068747
30.85356863040552,48.3622442882354,4.9735030656015775,1015.2325235704344,149.75025485190542
33.38346386400898,52.94827545401965,6.607879405018111,1028.5292773637111,137.56591358515456
16.199279488392587,88.11612966466129,3.3659262084497987,1012.6075410095063,262.3534696191087
13.122340194306613,91.51967335477636,1.4920153632386128,997.9020103488068,304.68258425360375
24.319986297170473,88.01628478662084,1.975161479846173,1016.7000466717093,287.00591495824045
17.26202513294289,57.26411960722538,2.28112478877038,1006.907804805794,236.85163430094892
5.761590669810346,80.72375769544732,2.7492319474590214,1024.9573816356954,307.6389947366959
9.68457792098571,60.96182266457142,5.320963028797318,1010.2137351910765,200.47092218229776
26.479166865421927,62.340090389496645,5.007091134032892,1001.7493863129786,174.8226022762715
24.76771825730454,43.30420708872346,5.720598961752794,1001.68869679419,137.995629120208
5.812879775104505,68.42346971180356,3.2187648839863487,1021.9067463252406,270.0446086764295
11.659164857988483,42.09883335396761,6.6799823890998375,1004.2955659407576,159.06750525125605
11.932243897642142,51.551705439367595,2.030657458668202,1021.8531687955729,254.61810721157872
25.15678230796185,85.57696310529579,4.017805606386155,1002.206055876831,215.53844826928224
5.591316132630925,43.45992759870559,6.507040411560728,1006.2590229045459,183.2876004125206
8.123257459537214,34.62528853627313,1.8511898579946444,1011.2920440353895,237.2938534634403
28.99748256119568,34.48549351983306,1.3239733530558722,1028.0118547392708,162.59818323654503
10.356339861630008,91.15099383270201,7.127629757659923,1027.6105998663838,270.15643638380516
24.58238323555624,62.94982846751925,3.0719724706939693,1002.24051563978,207.1497768180065
12.145483431401797,56.611784668106196,5.62902593681774,1007.5376664435075,168.12168235771907
7.983241782780355,82.7071077655147,0.6901145319795385,1000.228978595882,308.2068810210803
12.295165729983623,84.32868531418353,5.675351663070872,1012.8494777759724,238.73019245515925
26.668007955669776,51.5924171525143,2.870759836602279,1011.1203892743133,195.40360918763915
30.67089404318857,75.08517373579669,0.9180564019058131,1026.5266056857756,266.3607217942464
29.906595937009747,80.12298303037264,5.073595711610878,1027.5501882226874,217.77516137950528
16.915505888553646,72.55229464628704,2.3060286205487994,1008.4248586852552,258.29757088804644
25.042554097119385,39.85367986200646,3.4010543153891,1012.2108280056647,184.01395100427047
11.149528862474629,86.9324004286087,1.104356092148852,1026.3682687201147,306.98328521514173
13.794431907830397,65.04114592784057,1.60372438321209,1023.2347732710772,291.12597050347046
31.890074555633593,48.360707714050235,2.7348292662188283,995.1279708970627,154.6008958550371
5.390057705322081,57.63983205345011,1.1731962542011785,1006.2020847464254,274.3515913929936
7.565255925634043,32.44212087592898,7.331196985147364,1009.7620984677644,154.3619493145392
11.23658765438082,38.31134207945714,0.5453528238798382,1003.0400699289131,251.58902992725277
5.795966116214592,79.76053878353096,4.1289516414823355,1001.9850065563578,249.77420163535263
10.443063052693919,30.0007562590988,1.4243559359941358,996.3224577308488,189.56746404873698
22.491246829090766,57.07677885134899,2.807593171084614,1017.5179403774416,218.91166051736639
17.64273651777494,63.96316177056325,7.445446698636991,1004.1878601669108,176.1278074991006
31.780151332309245,33.5512373000632,1.7127091495549014,996.8321512450959,192.5254244222927
29.523306852153226,93.25008059320163,7.743742397887495,1003.0842758684822,163.45425244230023
15.25452055093628,44.69814653122867,2.0434578274206627,1023.0669883492644,244.34636059818507
12.782703002938774,49.77291677635826,6.061745813501222,1024.8021213576292,223.44939924049737
16.390772245018006,49.756263296576776,4.600079486729838,1011.9073185817656,188.79912453946076
22.708848275444232,44.97708303762774,7.133590456975694,1009.562473464304,120.75450652612555
13.041909224686288,30.09579843561024,4.654949416273482,1029.2248792725622,173.55166735378543
23.72446723547402,77.40741161571975,4.509194143672315,1002.0197630855824,214.97401606674924
17.282349565737213,92.84495748695355,1.9659350027629992,1002.5375748999113,292.2495857412668
21.561415425559407,44.57907641352793,1.7467202153874404,1005.215351196274,201.72268221379687
18.0837958740595,73.09806746722245,7.373668633366357,1001.046506139838,206.88950645857133
13.83397278625753,78.22326125231649,2.9587864913752555,1008.2777959371465,243.29284508847854
33.4535992088647,85.14764964088411,3.2906169122217195,1026.8791979446414,202.65041337688552
27.908173824792826,57.47089780588459,6.198677438212913,1016.5371744220001,177.36713522893612
9.203395272993577,49.6905088666279,3.0411761181710553,1009.4181292014292,195.46098302887668
31.054039276937385,51.14418371149702,7.6404683497925205,1027.7043778099926,127.09146793993747
19.62293594748541,76.32038665140334,6.034458267491003,996.6962481366538,247.3390285360633
31.83656680682274,83.09066532286634,4.9807193193006505,1002.3596662265652,198.6823632109932
28.995657678419455,41.804907904179174,7.106713704085643,1014.8061011785616,107.21976667226748
17.756405134077003,54.11116553025474,0.8720443126211206,1016.5443418117612,246.78452206062715
5.674079249603522,88.62611278869475,2.4279701914190657,996.3845127296914,294.5025386926961
13.060320781548382,82.43507878015805,3.9877725066568246,1009.1063565267497,256.9323358759352
21.249026439826007,94.01579617956092,2.202339046036408,1017.7203887690805,288.87992968686723
24.00434659478442,79.02613687933524,6.079288904766139,1019.432469124119,186.51097002850935
12.73663056299607,55.55768806681495,7.394060232902939,1017.3348965880695,201.5178276615876
9.180682222184725,68.39145920965146,3.6782758994819256,1006.2197128526324,250.08656907545122
30.047907103978975,72.96592652607582,3.065994500839212,998.2732043259268,222.9865052069441
34.532065421106566,35.09962806061306,7.711630491031747,1009.9489356246767,83.4776254473133
20.770705469080575,65.39230234175123,3.836393246206556,999.5064053078819,231.60353295848088
10.150378575449105,76.10585385071963,4.167863003369624,1028.1668280482234,252.53774716589655
13.169219795581068,40.87588476006893,3.13737404256429,1011.630980310792,212.20222337166254
5.551720296424002,80.74106163266121,7.3216135475910376,1006.1040711024904,210.28255924297443
32.428964196814974,67.94523073341725,4.767166124613881,1021.8206424891615,170.9896926489854
8.532532486704234,91.89441607034365,6.2163094038623345,1012.4282007403792,260.2415386334474
22.295494265427607,32.75744938344796,6.588550387631647,1005.8511908404357,123.05300105471673
13.22165662061618,47.24619894110535,3.0638678143794364,1023.4188709836781,209.11601089698087
21.6253400754738,69.10100215448855,3.7527074849028503,1025.3503252850392,216.10532126586278
24.542611650555926,49.27639429338549,6.8635383080469845,1018.5552858201037,159.24585448770344
29.892254111216047,76.43757066463074,3.224415137568577,996.6437547842684,205.22198935385597
11.192638152818096,79.33534336392552,6.4545135008888845,1014.8213008058286,222.459632569748
5.3298748597544146,36.66353766432084,7.557442419308278,1021.7153219199049,165.682255513855
9.106568902064218,63.4005401734399,5.174077798010052,999.7776054229254,189.1252218920133
32.00055925544315,63.077886113418636,6.0622046558891665,1003.0034762984611,134.58347029411058
31.216702326875456,54.003250064010174,6.538229840308512,1025.8873286773849,152.53555042227572
22.922393065109247,90.64011606702869,6.837797366724819,995.7042602648576,191.51658265858683
23.0155058130096,83.78791079175937,3.46290003392597,1021.3454498239091,261.47304298637886
24.951100236387664,75.31860982412638,0.8844759438199863,1011.5820652380048,274.1112753611241
10.261138358703487,76.43123132277483,3.5140720342755465,1010.6370255593862,269.75677195827166
32.4323583777488,60.01154934785274,5.553171723380673,995.248378637321,182.60725758474902
17.563115746762193,89.86464387127742,3.877627893355946,1023.6789380838272,260.30377257647604
16.494155847484926,75.14870277146355,6.1172236314529895,1007.5938715222799,218.28821772804883
20.567531158485124,77.38376900762808,3.177368221014979,1013.926797095519,234.39128552330845
6.408979003251652,86.00990874617744,5.260581058280222,1018.705524021748,297.7590467804946
9.988501062682381,47.814653307242416,1.8981485364048094,1019.592035175327,273.40159841688035
27.141008492791112,82.4596087513357,6.120270774837177,1028.4593020589125,202.80867573323243
7.4839600377537945,42.690639192171986,4.5927197660976935,1013.5968983632813,210.65453370243878
23.094563283991647,52.44722689591771,2.0304829140995047,1008.990184284105,236.25782903611844
12.360473290439629,51.81467952753978,2.6893338012335546,1028.3796269272098,234.6119475358641
16.678868421259295,93.60415544529414,6.114565314363743,1017.4738582258932,227.6294473269797
13.660812103120996,85.67491954361525,4.119509267461405,1005.4352624696794,267.8496683866879
15.670181493948474,75.57604100336688,2.1202358029480415,999.426248589125,261.2447683771512
26.571377155527365,77.25868950500035,7.754533927777232,1024.4894075512814,176.71240389136364
13.913651468695251,66.53473163616712,5.863437648626659,1007.6763560977953,192.98655611556663
21.992139208906917,91.56089336205375,7.678511244048471,1018.1164402477551,177.0575701359133
19.28151206597299,62.2568189373535,3.703287840202574,1011.4785746778065,220.65711532993964
24.910134960879443,54.73365114154315,4.063252555187903,1001.9625422928264,199.76385189168508
33.10489217974274,40.59729690055342,7.2346641213876435,1016.0590313017162,108.68837900676141
26.97716291630751,81.10336739696876,4.437870051840385,997.1239074132739,233.54245565398358
11.448211357722702,77.73885558491344,5.804591839292503,1009.4669860954917,217.44333917327526
5.93549405183854,54.98307750406877,2.3912965812164746,1014.1315228882285,238.45683222222846
12.867921328994752,31.63757190734991,3.8504485152698043,1010.2616440941503,185.01046387300457
22.852337921007646,84.5348263016707,1.4258739935776634,1021.2035261337846,272.2195969961678
6.542774404527511,30.742168924514786,2.0448502690772123,1023.9773734090859,238.5034909695648
19.890987416037092,75.74048567588831,0.5070756145072332,1021.9935075911612,268.25780993831455
22.905285467506676,93.06671213219371,0.7944878873649517,996.3584531734131,305.3202985837302
15.027316724508825,58.447986329633224,7.82962867382697,1001.794506965609,193.61374318340347
28.12736611237466,45.27327132473693,2.3176527135257174,1013.781262824232,192.10917071552922
8.197947594013154,75.81661565281982,5.474830321280015,1027.718771415533,261.8822093286799
7.254133452074263,83.11332923101304,6.793247740997087,1024.223487126824,221.21811113090223
26.8456626861081,65.51797054506008,4.629953444274232,1024.488707792313,213.67467692311962
19.864739486185954,92.85729289164951,1.6485837506296714,1005.6122867815886,299.0396409224624
25.65207189283208,33.35846690776747,5.960873280021248,1010.0306763977546,145.73823880842997
18.044820158112387,62.811713889794326,5.001885575746873,1011.4747081560578,203.49598413472125
12.392060997173203,76.69950657596576,5.984379420105313,1000.5080054172469,174.68391032860788
29.573069530225993,86.07163062469664,6.273099671428154,996.087384558556,179.39391162022474
28.982476369069378,41.651614774006354,7.815577757635588,1028.1416014811182,109.90912207551594
25.840894125632804,82.00022631463929,4.801724600200325,1003.4249404982228,198.55283506496943
13.164354116898881,65.92595992170544,3.0623083451795137,1003.3982116303271,243.04777548469687
22.706920006072615,55.77598932934761,5.363484176751778,997.9182668819066,167.89280847580255
15.829216908200804,38.56147685764108,1.013305319319696,1027.4977713180322,219.74386106633563
7.747462199799024,86.24422432907932,7.230479887411898,1015.290799022892,215.6710361190934
32.51940726386728,40.2227585316815,1.395357585036476,1018.3462899993874,178.81802407587904
9.104558927568842,50.136210848591446,2.958821284143637,1026.9051910542069,254.4352939002306
33.50712061462407,48.852959577558394,6.618090354695907,1007.0967059115276,117.71177469498423
18.380173188738674,86.64191222240552,4.979842837480339,1016.752755889833,230.7637231738407
10.55398786515859,73.72569462357836,3.4522664020808156,996.357980915511,243.49256503769035
21.257028421350743,81.7842908174392,4.05076744531266,1001.5370384880895,237.19543400635126
31.18837507629225,46.280413421512435,6.909105449016352,1024.093603178148,138.13628622534165
26.966746592286835,70.61681647445494,3.050032895449191,1021.8368924718418,178.35933719686358
29.196834435843492,67.16348890434367,7.022372636091285,1007.2724942010001,172.87490561580287
24.763501001321522,84.13397449123762,1.1610082323251862,1008.1883719720975,289.12620576848826
25.768296935535574,88.89565893128193,6.32598827906473,1013.6744051743752,191.05906536838123
30.47586954695958,30.79019014603014,6.856607247910523,995.0084351639797,87.09193761466467
12.490040265775578,73.81129473882152,1.8636323962800407,1003.4435517613309,262.58194519779505
19.682748909294215,33.369326942782386,3.727598992791503,1002.2881133012875,160.91700257676004
11.636283254588067,65.67581323002813,1.7412483099774172,1003.7669031362417,264.8874065391228
34.630040239899415,48.696127387839084,5.799530967456633,1023.2067044886704,112.01905451391144
33.321780190598396,49.940478968939175,4.5151082604624255,1004.7885849791255,139.31943737332963
6.182804341055177,52.94230272440318,5.264925100312408,1001.7032462717552,232.25712215751972
26.167255175470654,70.38400918822467,1.9736522521715836,1012.649221127756,222.31610008374284
32.757449522469976,51.71324776847,2.0880939653931465,1025.2975762730457,217.192512243423
10.417260353820005,77.62543828836823,0.8112299413242978,1003.4472396343125,298.24825839395714
22.038356916578884,56.29428006230153,2.915506513967973,997.748768497748,180.99907544455283
32.46464892764126,34.44295802014731,4.6980849600025625,1007.4741657547382,144.36870504976363
6.0183793575739655,80.94438976146697,6.934511854979966,1021.1678138597742,232.07678228267966
25.922608017405196,48.57429109852589,5.501955855940105,1014.2741690643178,154.11279710118856
13.920470221176522,58.12984717395207,3.7654724254981358,1023.5877679351022,230.23568520033461
32.73188586129591,74.5538524094236,7.648400857956034,1028.5857251663233,166.56053941662864
34.131747354961036,51.60965021466628,5.894339004318739,1022.7431866863066,155.61125173330154
33.32799467340302,33.678067649536516,7.476239021469125,1016.1331077595314,116.4569795778219
19.226426499723914,54.304868055832884,4.456909799541243,1012.2669555818334,202.70432273005432
30.861279529679404,91.38915787512973,2.441782060948547,996.4024180221893,222.9131742435266
30.33648195605211,71.71273582440628,0.8962001477354149,1029.4512692584915,241.7102303059979
14.573014197297669,73.64614466336846,5.945636386128879,1008.4218392901265,257.34406705555915
29.86746422452032,71.09833998644659,1.4097724850415059,1000.3279874870904,242.98437390774848
6.110229041464779,42.93448903236339,2.770813462039754,1018.334809938876,269.10169873834843
22.88809635446159,57.19170116664821,4.49353180912923,1004.9500901183411,210.46269890921917
11.900265118631092,78.81108689361568,4.733124408348107,1015.5022394825867,248.17713597378972
8.617006573318363,36.58923834095535,5.00437397740352,1015.5368767745607,193.66967042760433
7.308596048876275,48.0604304458313,1.7469149776227548,1010.6005437316004,248.1572863154476
25.888663276344193,47.96074205028049,3.3480305361623657,1024.2641515440764,165.59096649505395
15.196248913041984,58.08123029364289,5.12895670337725,1004.2738471544405,199.47209294958097
26.743003145862843,93.72396816124203,7.7736414847533855,1010.7021407066206,209.72747673849673
6.960690223968271,34.38766553444842,5.957233532747665,1013.819224500684,167.72730598269928
14.45871013491831,63.715564634738676,7.419528178204684,1018.2268652268555,189.99745969047956
21.184738771260115,41.65870433079368,6.216590437356328,1022.4390147676957,168.02760593779806
28.721694945168906,93.09397545163337,4.937877266693003,1008.8182549007389,208.89261491147752
14.562575087962097,37.36472780728517,1.9401752685225842,1017.6116430433808,210.94520734591734
23.776741293110273,56.23406515350343,5.500142389193848,1000.2713833573981,156.24332112847412
31.579332447085616,77.9625240142494,5.175346744699303,1027.6426835189868,186.23594968657414
23.475895645469137,75.79603782178394,5.018518778429498,1008.4070582247351,189.35512953474333
11.988784242609013,57.4773613981056,4.173394009911806,1020.5332497691753,210.0187689932955
5.73202344669614,52.52407091692669,4.464924529919568,995.7119378658762,239.1702422770357
31.102966217027898,55.84480460593659,3.0083189533857806,1002.1815500016683,174.1794414410642
5.638082325511614,47.17795710531155,4.3948451948172735,1012.0478890513252,219.12602075256024
31.24105018052598,43.346641015941984,1.9816692925885868,1025.738836370632,184.15884764616686
20.86811402081636,61.39758034132785,6.538807980202826,1013.4539302482737,193.93412253187608
33.17203095538689,47.45469414439448,1.8933271602403086,1027.5454668802859,214.65319847433142
28.96349707320996,48.68500821832126,1.1372471741709982,1011.9328913803979,223.29266639558836
34.93802331600013,72.68914412584621,3.7718451976786804,1012.1657183857583,201.2171826427183
15.521354463551305,92.95492656049299,5.437305796295464,999.1911375975186,238.05594711955433
28.015648667933807,69.23641803635938,3.7828761870015604,1023.0929685453277,192.8235861784244
17.057927408277266,35.00366535922281,2.5756559896348143,1003.6437894363472,224.92242285900386
19.396268609117264,34.91293490051435,4.686283879178306,1026.486437128031,159.65978521986668
23.825163896551103,91.84250935496179,3.1025175155914995,1026.8788477115638,271.69371672638454
31.21031342559016,49.32390136997668,7.496507675949748,1028.0158539155952,145.13520505413155
34.52250407597886,35.9843540953609,7.4198385470267905,1013.2080671186081,90.7643016929364
28.048202415935545,68.9378981647748,4.267788649790716,1018.6982824674276,217.94034644168633
17.533003465020013,70.5371705888673,2.9591299551369388,1022.2480558021582,257.46075936542815
17.640710068312103,72.15281330771472,6.028493104674793,999.5855116527663,226.10835272893632
27.127469047666743,47.381131810740186,0.7753470761229998,1016.0335018249124,211.64516928288907
12.16331437304907,30.982194473940876,4.060767545327384,996.2004265456159,159.7079915853231
8.31422339394184,92.72599901454066,3.0224254570275013,1012.4148129186054,285.4964144021716
15.638664729223295,46.30804796992166,7.4040191382691605,1000.419493856708,153.95358194396272
13.617169749622452,73.94170872341559,0.5900227045451191,1001.402302408673,283.7543203538373
13.889243613679703,75.93094154211613,4.646111567887618,1007.776664834241,228.66779607419429
12.008232531497299,69.65048211016656,6.054976857999695,1010.1353008350776,183.7872576385616
6.262795689090856,50.33898062388714,4.137634906430309,1016.8110348586265,232.34827571630396
5.536218042002414,47.62125649466427,1.1405227262204125,997.604994645348,284.91019927136415
34.63167169208094,68.8484383756757,7.7934604252092665,1012.6292116433106,146.7671431226512
17.83319401207587,86.29621618475994,4.3850782353207345,1001.3918795588586,250.69984940433068
16.52979941479045,91.53769238002072,5.106396832392585,1015.0891311261109,255.77192728485173
25.389418480792095,36.88387728624424,2.274573370306305,1017.3091614291415,194.72516027745286
11.547616635951925,40.06385981885179,4.126235638301028,1014.4848239793499,212.58826174517876
33.49883551850676,91.40785682090018,3.718621189687414,1020.8403428667408,235.65621116375323
28.59035043246656,77.87478984176153,1.061718815014878,1006.7463235484315,246.49464592899812
7.682330069367786,87.39459861393524,1.2962026516060041,1021.7787307071596,300.78339953339673
17.52742327354785,43.1711212187973,6.781043897140809,1010.1468478597868,150.0424597633957
31.37354922686494,68.19308162211112,2.298649641549427,1011.9464574412909,221.95926318292194
33.34196066874231,75.5740736371358,1.9621870362397291,1017.6835744541374,224.89096479174407
19.022045337496092,74.20727255405322,4.286835884376044,995.6425434399729,226.00278578725647
23.40234167632123,56.529859906335375,6.265603485218847,1017.8897977497087,175.5524880910221
10.011018382762256,31.00066795993505,0.9645988893424093,1016.6504802175241,243.66226868556694
34.7350587841093,67.89019369227711,4.826059397286919,1005.8446490863648,193.67792139222993
11.950151041503302,46.45160004667457,1.3940783213043002,998.0027999714821,237.58998086428284
33.281953224053765,59.26652599928787,0.7734578811921384,998.1827407469565,195.94519763480676
24.489399469771055,92.24276598044813,0.8955796412166304,1027.312831144483,284.50358765159604
23.232103846365774,55.93729564675826,6.75623081156331,1019.1247762429043,163.2251950892493
20.38065533049526,84.58710443318773,1.3847936272104617,999.4485914819759,244.3526630016724
11.92009435153276,42.255139373701326,0.8386352330921896,1007.4853109258117,261.9805561451827
10.295840960165247,73.70993237162688,3.7842491535718423,1015.7369047865559,255.4914015744317
11.61458627210526,93.50545203853133,6.829951039565186,1024.2450096781727,247.27222544702957
10.593147864327635,36.62305155674089,2.4680628236697646,996.5281325049554,231.65027348483787
28.3875342070026,30.54079624476748,3.662844631444373,1003.2821596014503,140.8841726868643
15.503757775001903,58.18288152111993,0.7994189942281342,1026.1412146603384,271.2153741939769
6.735280296901891,36.020656398338865,3.868088856011569,995.3207942564336,198.54046331956258
34.07307890422434,78.64498272895503,4.8320981047785025,1002.048968597786,186.78076287310927
31.51357654890277,89.44566315015632,4.781802903141086,1028.5658461590538,208.64578260040173
32.83256849585639,58.211363226069324,2.993200191307739,1016.469064628276,217.60087616380687
34.847234679393054,46.81625674010366,2.8664988549735164,1004.1584978323127,163.93733166700056
10.216857476584618,58.23621573542964,1.2996771420244841,997.3446883038547,268.2204173445817
16.887260567079764,77.02410816025007,3.250987404847013,995.9866969156528,215.3891750221629
27.74715427112274,30.588520502724112,1.246210016547235,1003.5660777872924,201.02741426312883
25.880618541613767,68.31450931650531,6.249469585340387,1025.8520036856119,198.79121627145213
9.616877190195652,69.86395951767963,7.747057233111394,1009.5569779004128,197.24712339547696
29.474993749718532,71.4497360482358,7.775558425000302,1020.2116679208098,154.27233147336
11.733217155099819,45.73143519875702,6.988033245315454,1027.1399762382985,179.36549111554726
11.714528444678692,76.41342701957824,5.005941120047144,1009.2814161560985,270.20995625634237
21.109232686802407,35.94044661156546,5.756492729329099,1001.6947079863089,119.68650517560388
22.788198045251093,42.952571870342055,2.6390435201031055,1013.0991275799922,208.5071046241953
22.402586235134336,87.03555303254132,5.230778151294655,1026.782929047095,216.7637341956065
7.744605121932646,78.0170047972268,3.9173716207990807,1023.1531044948196,265.5646550061686
31.32382587891141,30.89346101073744,4.115130048326994,997.3040445177104,132.67995164819507
12.968001277661182,46.144456924037016,6.183324202813685,1019.2400480027154,172.49866518020335
8.885447638484125,43.936421394555694,2.6143876669793875,1015.0164132860634,229.57473319131216
31.662442396069316,47.60241132240321,2.8852970877088993,1026.7612111721248,168.33099717087313
33.6695449468926,46.091385068192615,7.434813433464775,999.2868495897604,125.49046947559953
30.86382851796352,34.064209223284976,0.9216822113822918,1013.691263962163,162.18739114388748
29.285482241746344,59.83113357879332,4.142257238100052,1025.7811942729163,199.1060676711138
24.65725941917065,77.62767586110073,7.346006003058963,1009.350832535961,173.8094510431669
21.52572111827418,69.43756210663337,5.077722558636178,1011.8698221206504,186.936171561929
7.609602797342304,73.73665845887518,4.598053056590991,997.4661237183435,245.36439981298992
17.25359639212096,35.27469660485554,2.3730813442201644,1004.7350274157119,175.37959900417152
16.18065551036942,91.84689616149117,3.0745661679833622,1006.3577327209132,272.3397660976054
12.792613512809787,84.5019691997966,6.890363118535197,1028.079285706071,205.56888299052764
26.70260341065755,82.33087070221808,4.694135988263436,1004.8933576189405,220.62548006363068
19.876272052363124,83.49394732771489,4.360566453175849,1011.1304057344378,223.0066458549135
7.431386477229438,90.6261830286295,1.2468478515502168,1018.4956548247497,310.5271528532465
11.60549605849434,65.37650779739036,0.6202111734134235,1000.6764180342757,279.0782614644284
25.497762909787877,43.01833116139568,7.727638915152868,1012.0254835499657,112.79206689228778
7.283925784709005,70.09093451041517,3.3273962546513123,1020.8488663816568,261.7741635163097
30.53620742146306,78.28729708841604,5.024097965746282,1025.3399324559473,179.7708048827708
19.85439581041923,77.96463056801164,1.0978630489046375,1016.919074613185,283.0834025450908
19.41759731979944,63.894186570847204,5.623357142922849,1018.4168730360932,223.04911688352445
22.772233539785528,34.44981675668257,7.494250315294707,999.4199215404599,158.88568113080663
29.740428977754476,54.122340997958304,4.817489397480648,1028.1021774036221,175.41825577009772
15.434276237065792,89.84982955011823,1.4458649178155794,999.6400927119569,301.23520427816095
25.340484576771907,67.9891791342327,4.8629114560510756,1022.113552801363,173.74829417722827
21.97195891987373,64.99157631162137,6.247604098284893,1004.2685712622412,201.9660587712123
13.01084810508264,47.47547843484258,3.5481240243051397,1027.6757600295439,229.54613524283297
31.35889959065474,53.94917979457763,7.098783109561009,1020.1985838779318,130.56559487168278
28.922780648207844,88.19749579495601,5.365122150180234,1021.383479954243,232.6417187228583
24.753555039752765,73.32009808924431,7.2443668871690186,1002.6670710570959,167.62988042459216
30.51745187282726,81.18015673890164,5.176289834355029,1010.5063991822307,192.52891943618934
31.01882602879407,59.53245249939758,1.4846597900361818,1016.623461810625,225.2516744804704
26.250889301451043,70.96606926465026,2.8226878332889185,1021.9490766372311,213.1374580001382
30.110399850910163,46.144934568308486,2.0134621118934266,998.6385781569336,203.53289508994095
25.924143850078508,75.8549539684266,7.316198732876467,1028.6827860759086,164.75236350589577
25.404223152809013,57.794086690716924,6.20300050465612,1026.1577234694096,154.2878052372399
23.558341346455528,58.76545846295846,5.572987766825046,1004.4622006673454,162.41087332466
27.581499186729236,72.2059510974973,2.7572473972371627,1023.7966085061316,240.7861307014967
9.758153158792211,90.85824039548024,1.8803357903766014,1013.1413373063938,293.1370719638758
31.426122775967855,34.16041252956036,6.173383159916838,1011.1632268546707,98.62031898896353
31.15530583235696,83.6083104275555,4.056184594093097,1006.0051937033992,205.29617984133486
5.877418491036774,49.004902176792555,2.1934216411297185,1015.3339005321058,248.54829065857203
29.77450251694288,58.85476454291456,5.124664836239563,1020.5461191196259,156.248676388595
8.866096024203356,31.424366370375584,0.8025038910383898,1009.3826516736965,216.56486253205796
15.053565627774256,49.56799505923035,2.946276905961901,1017.0226717552903,252.10312905015974
27.30524768874823,62.67103077095848,4.01417745943351,1019.4759522404356,185.89169341840432
9.822796881449246,33.651445027583534,1.6096875058205438,1019.889263595535,223.19153905060367
29.539010723571867,61.92122240990574,7.884908581931297,996.8188134345913,129.07810590702076
29.964025338732256,90.26219087579778,2.068230234422107,1025.0911731989772,252.52077693650395
20.224032012825084,36.85055917700734,1.4776484753244916,1011.0388660167766,217.57228644578507
5.191576151505007,79.68864732490778,2.026511554151723,1004.1845628593675,305.98472977544685
13.611143995247383,56.628618469439516,6.267958498697932,1003.4617577617888,180.97438732825017
23.507807551272265,72.58629144408198,3.691292444538821,1011.9054939495383,204.03657821336424
34.435585340822705,46.91537886903991,4.740619548144035,1026.0391038814137,173.02547831720182
23.954405810500052,40.366997065188286,0.6575686773977056,1008.2421653588926,213.22035180965548
12.794107431924793,40.43006992762972,0.7582348142998592,1021.240401137424,268.4869765835048
24.020171092988342,34.581976466804406,3.8436916237026213,998.3886555845527,127.85464053193374
21.199561391475665,42.0670358185808,6.624914324012177,1011.6619845752872,149.64367179320868
28.395361854534308,73.17426002428294,7.1392915903067395,1029.7090149137457,202.84062750798714
8.209419164808752,87.30988976982803,1.1502992569673016,1021.9653230977318,308.10813422723885
27.830837075060842,82.91816956342552,4.537723265757671,1002.3684970954215,209.81376600219016
21.23799736028331,74.53373014184146,7.349222647094528,1012.5504515794269,187.40906702038035
33.88976011576984,37.17807112172167,3.409795657984148,1003.1768667276998,142.39444983334332
15.256164981160582,48.797184009236744,6.7217437357127645,1009.3346324541878,162.45586846828695
23.978656794018445,50.13744689596048,1.5027174079957715,1022.3029408307237,217.14285728144134
32.960843165300524,46.247201515845376,7.51545867250849,1021.9928685351641,109.3174573868238
8.075291839720379,63.475367881132,6.1356748814847695,1002.9835132265835,227.31317740921054
33.11685461709354,64.81099796717871,7.560007945901763,1027.2778161354202,152.56161983156508
25.636571669024402,53.19758838612216,5.574629251643799,1015.739886396769,171.3743695177666
7.035111773155157,52.996295317868345,3.2255294899957025,1008.2973501836705,248.3183218417666
14.028907008404488,83.85611386389529,7.536358793935419,1012.5677453273302,205.49567303631665
26.24516265935845,81.30403514077956,2.5667508223188387,1016.1774938703211,233.26759623567676
7.0205180440631505,50.00672905924847,2.991293915462994,1014.5961686146024,228.24675453088253
22.465113805288198,89.39624885176185,5.7560631350130524,1012.0241762437662,221.63788456755015
15.376491708588702,91.9329761051629,6.239872246440397,1012.672648143129,218.80679680910936
23.627465533024314,51.23826523195265,7.470526128868654,1001.174416864976,132.04343813072919
6.372261014375385,53.037621671548564,2.0360180679215714,1023.4456516506638,250.7296896752225
31.14610418457129,62.866219972427324,6.484985264144179,1013.9616111979356,188.44137768817973
34.2046690753219,91.17285281468878,6.039095400477226,999.5877951596647,148.63198597552605
34.06633565857074,86.96076315425026,0.978459171901984,1021.8154985553972,255.52028940567345
27.48955495228774,36.66691756793334,3.4041735590765523,1027.6355392432072,198.66025305942253
8.902587203918959,55.52749831264205,2.6207409279507394,1028.1557414732936,252.2653502033571
27.74789587787068,65.96912733373517,2.783678182655228,1007.9156206343911,225.69532028474904
5.737607493764045,62.703610715850104,7.872101596660256,999.7430905746264,190.7324741869417
5.663706545869918,42.60109941589802,5.320830601099459,1013.1439869321573,189.1009816750583
14.708306574486237,85.82309012593007,5.882571183451247,998.9413230272228,193.82135036946042
19.659295712139972,74.00115089479442,7.824632279862569,1027.6895596479417,187.904122230115
28.112222534233798,84.46404436536724,3.3290133684322902,1001.4252869574301,218.49035011264468
25.498861298195155,85.81967815771569,6.5138012633960445,1003.8468050982907,185.2119888325462
18.37708119130245,78.64313048827309,3.7589822247837152,1009.2322784409739,233.0505237551828
13.208799988449977,58.54868908123163,7.021502538612348,1008.4107563995694,207.2459575763755
34.913735004731336,69.6855390760026,1.8549315598347738,1022.8132012339261,257.19261098382634
17.78543906707919,40.423751397783306,7.607646327982097,1010.9710887192837,142.16388386023044
18.541610729890266,73.786952135869,2.1407878130815976,1000.9768891001168,244.55035064076216
9.908714635750076,41.65146162305325,2.9466538023569866,1004.3523463420125,198.57129960091976
28.84428646249788,75.10672338316019,6.171441755800854,1012.8189684815633,189.47798108525598
25.81046677344466,44.92388044900797,3.45316356174055,1000.1608871099147,204.51917391385308
11.623088383662811,37.6408345097643,5.06158532574835,1016.4079486476105,179.85844085616964
7.471431368475281,40.743491859292234,3.8343012580207136,1014.8011557292901,176.75328713204743
25.414979062241393,30.129488789239566,6.067774528173364,1020.0145810733791,140.9431099546661
24.63533642843406,76.71807516047946,2.2124843927645816,1027.8196615382778,265.4631451863247
13.19778580994628,77.60606818879464,0.9384349042765776,1026.9289096385405,269.5511466945366
33.52590686751231,63.47066774436186,2.7494704810479966,1028.112646632409,208.345512556243
9.531736753427007,40.48858206859994,4.0573149865132265,1003.5650458958295,207.48525551941034
17.970044031278057,35.431031938194835,1.7601503914450893,999.6047857323774,202.45245823207287
33.30847760502797,31.243382818423655,3.160979672422915,1005.5796845173757,135.96067526803486
17.59181950778367,40.77363150273935,3.499872637201764,1026.327981046821,213.83658862292873
24.155778429922567,87.90560977390453,0.9304388276620517,1029.021871611822,278.43639525263745
16.927831938883827,45.699894710609314,4.874804361381534,1025.0763732874666,166.365103841463
13.2264560704601,53.027636269119014,7.132575709784656,998.850620239464,137.77260299332107
34.51932943879485,36.84745649128666,1.6380718471478932,1028.1599799320927,199.6177160857521
17.280020189451292,44.45348480863107,4.9835601005113555,1009.8175309572775,188.61864849075693
31.822976110374032,63.74959710071333,5.485544036831347,995.3258601766823,164.11047028814457
11.898638176732586,69.50392440121742,3.6450101031446627,1010.4837809261868,237.3085626034154
11.3931411207525,45.94790042080372,5.758231905232025,996.6124209386413,171.78450647093098
5.934022486535341,33.75259034963262,3.58048657618259,1014.0357272406391,192.92890633633374
24.55000476127655,55.417136493280914,4.284779659830762,1006.8493909602968,180.29729720569057
16.055790311712833,45.223219110211716,0.5551478341582023,1011.5702226757917,209.52111593419605
30.930747495189113,44.27100500993713,5.687900856010166,1016.4609626260091,131.20943351343925
19.196297200746713,92.3910821763746,5.4600700920854335,1025.4080383536236,236.86350068667286
34.045802837441656,70.05953158517207,0.7880065799475842,1018.1665551765175,244.94498745718806
10.565765471093634,66.19709880618623,3.261875805463498,1010.1917103967363,246.4950705094865
31.058695038668322,57.025381729015926,7.842738805937506,1023.6799748784628,146.26263877395974
28.297905583752254,57.88138167295938,3.655524219264626,1026.6953748150597,217.3371349694204
28.12765533932156,65.15882524947526,4.264590538488813,999.1915988251269,205.99144759855932
30.343496843506628,75.26793745734696,7.324476186197889,1013.6176542143477,171.72505564969865
27.830719728289967,75.63949625181891,5.879464068993173,1004.9579185909855,186.64789014795397
23.786609648942463,41.16010400085422,4.865525983431676,996.6471419256932,142.65644613669988
8.937346330471627,62.50732888498075,6.483535110058044,1018.3991343289895,217.60099986701692
5.9757853847375575,56.77727617721663,6.982746998419799,1025.1969772110729,226.0809005794217
32.6254354344706,86.58425280750997,3.9266605380295014,1000.7015929067088,220.27255709239944
23.49950943562214,71.04222987919447,4.063312736988765,1023.4344780168365,248.39809002393415
28.89611872928529,64.61276431703882,3.3953820173887683,1024.8688506737928,185.06696472828398
19.4456705453765,37.50065174162963,7.750296050138454,1027.001915493327,117.60480823762465
8.519245668871834,69.36646280602174,5.728746907177628,1004.2849781180118,234.72476262113128
8.755573766076512,37.618253869215174,1.1241729965605423,1026.6383572816462,248.5768223771208
25.56695861686914,51.918427411773884,6.972197174847638,1006.2231964157751,164.1847775404504
17.909176846983883,39.28472771293157,4.104199556272011,1014.3318304709426,183.5279015571323
11.015741801010101,74.98478705658398,1.015654298168656,996.7677614791298,269.88964922057323
19.747836402243106,43.40638739934992,4.622879413724833,996.535838092906,169.3099145951737
6.926268112254022,55.47085925722169,3.6287320923177657,1020.2130624456271,215.83220820513404
22.459142057431965,88.21886054522062,7.0831205364696865,1010.5567992292226,185.28174489662504
13.06980213305293,43.28056492093307,2.0299595270704054,1003.9702331379226,237.92599391171763
28.926773019115643,63.00732915732064,6.698484571191372,1001.6644723608719,167.66543729605593
14.310858767707213,57.25265797579143,4.6826651838908955,1018.4483721800726,216.19717902168702
18.656604472454035,31.178062667972434,0.9095772741010179,995.0140540408869,179.71900943235266
5.348616197243019,81.52927738223283,7.788839759941135,1023.2061909218899,220.36522901192467
7.173406633836766,34.48798391044898,4.344614330773999,997.7737362145475,173.36750592531655
16.774806692200542,60.826576363501985,2.681576406736869,1001.7021365217842,248.13588548792322
19.398165041513707,66.44408917103175,4.020551314919436,1008.5182738354681,208.80415849313644
23.000616443579112,70.84771967994816,6.933933376381168,1011.9700558900636,162.8476213828972
13.749877361279097,74.76105590501192,2.7867734328879763,1007.424829053488,257.7333260902011
25.849456583796275,46.46270492897648,1.9450729736502523,1006.2249257744503,191.9694409273004
30.803671915676137,30.64862048279921,1.4680343519816108,1028.7370604225616,204.8696736866226
28.395529666800496,77.02383805306928,2.7339454879265843,1017.4552888435188,221.409104296509
6.188564760450714,64.8176789575926,6.350360652800326,995.8201534378586,188.6238493961149
19.415208417734867,84.34765070847118,4.037197738964463,1010.0561567955509,210.61563400838497
8.147905352545246,83.39024358854513,2.2061120277015496,1025.625304491039,295.148551923906
12.261350475875824,84.8162009062124,1.746387497073119,1005.5509665243734,279.07855933548177
34.59987779801439,61.531152898670115,2.995471073827843,998.3094720671036,165.5575050685549
9.274866287045397,51.68584572939626,7.549432796642816,1021.5434670056471,195.69146220411147
19.966644603540683,81.45128316843905,3.072700344425183,1016.2104841177628,262.3424204831534
23.544672029543573,59.33411734690157,7.910930569659765,1014.9609377739276,149.74044845190556
26.073949116323117,41.92374276622324,4.1392284182401715,996.8751795862593,183.39178889743317
21.789460504607423,85.57331127149584,1.8437293871761316,999.9174653428431,274.30649400764236
5.2931254225755096,87.36639199020257,7.18355068845132,1016.789228867459,227.31530548758448
14.793839247319756,60.31013414911106,3.9526652985112016,1002.2738344510592,202.21063218201564
20.531349301541344,34.92048227513619,5.822535076283933,1012.6424527911948,161.22133237383468
7.635994974345,55.20869584460053,7.877836874068638,1014.0708590110288,185.45141087685974
15.518807936275422,82.22994786506922,0.876315127399805,1004.9227516594829,290.35763249547244
5.996093263740997,88.61531185550487,1.2252091984067535,1028.1948804439523,308.6130529505386
7.357354914650623,43.22572826234373,5.903425560970671,1024.486243739245,201.7747052762532
16.907698286047882,34.35328478164265,2.61368752471604,1020.2830727671479,189.18631686517838
8.981472621291811,87.02777945363451,1.882260477125743,997.7297853243293,291.7858903102217
22.026225447846745,55.311321033626896,0.7952140986479712,998.7145506758156,256.3946251117314
25.683949074117972,65.21446267739161,0.6638503398965135,1012.2473471052734,237.0395633163275
29.017600973272486,92.92427778329933,6.3086420233984315,1000.6249672216845,177.36682012273664
11.004507327344303,34.32670731442448,1.508250705271625,1029.2392912235316,215.18575900169012
10.024477467772092,72.14067048438622,4.007904619783631,1000.5482081909594,258.44668345900504
8.137035210032007,34.81685246736636,5.044226113846123,1012.061374241239,189.8096245573797
24.0929074863091,54.40548035032252,3.712638504266347,1007.7442369894527,192.17629773108615
26.194271794607033,82.24794543757403,0.7032998925217483,1017.3785247508935,263.32290364482463
5.947584344769261,58.175695129116235,6.376261269409317,999.5162743111299,209.08098574214256
33.086367387310695,94.81685300369178,0.5788491840624012,1010.0610749814837,259.71335003893967
6.559138509544172,66.33885352152913,6.21417420783113,1004.61467614825,220.3601456888654
21.238890059032116,50.87553992133698,7.199783703410921,1026.071303363509,145.55914726069298
26.27181558352749,44.30723618380895,3.746299407928792,996.4204999247144,157.31252826502197
31.129073712382567,52.78383472860052,4.5165685482334865,1026.9804622902261,163.0788656049677
26.422607963972833,54.2146627943708,4.077375444632404,1024.154794849355,184.08797611117248
29.051842492093755,34.466389052057465,3.419064639675791,1005.4149750754285,157.55384461188333
15.183505776284182,54.022322962740255,7.155684015277702,1022.6251729136986,177.15429468786226
29.444753412395368,60.17550378304962,7.204501330024929,996.0924746118561,85.61561724139855
7.403445391540254,76.9779538955223,3.018622734811509,1028.8402942602688,266.7188046646856
31.84449968181583,72.68741650690453,5.113023155110235,1013.4308229906426,180.56242117962276
21.42777128461209,76.06976758989504,7.451806716093981,1005.6148359122906,203.52421363891133
29.51893309887481,30.543639321995713,7.715438742060137,1007.6904124408137,80.51034381504041
18.569548535549004,44.14838097273484,4.317192803165357,997.3241873711174,182.8366349938611
24.30733085589575,73.00947874599066,3.896186039632451,1029.6272329914714,247.38171003924694
20.792079828083395,61.459308931683566,2.5902073694639434,996.3752180802742,202.1645594584291
26.947685652659956,30.345375918442485,7.691539048928075,1017.9217493101751,111.8908508604299
7.448899460917687,82.29215175806846,1.5711072835465052,1010.4957574697261,286.5364765665586
6.810562519716914,80.23262226387193,4.848721820357937,1028.212067636605,253.11376749986354
12.413097020304393,65.64724559458156,2.6191270063897916,1003.6099909107378,236.2655136141357
9.78634040339565,34.320116175457684,2.5925621776084746,1013.6230388378304,203.10510941626254
31.15350699776605,79.82347821961801,3.5372644053214133,1011.8824673003963,258.7182626169376
11.57641962074133,67.94138320253866,7.990947018617409,1019.6003255417536,201.7944540965856
34.27595767457394,80.82739851526735,0.9122473012986655,997.3803581183347,258.0012293886392
15.106873753133206,78.86355450572962,4.839063636526486,1001.7826195508175,238.76984592161762
10.463537470660977,82.1951346772594,1.1192911852645788,1002.5097687032497,270.7871879243775
28.690955214274375,63.670524316300614,1.6589062249288924,1020.8352764194591,234.16956794900193
24.761233265026284,39.121093682578476,3.7967220632967402,1001.6198543714358,184.09832439730718
19.94587149359417,73.62523576967976,4.32845098509831,1015.0722117361842,211.89883198244425
21.660906528128937,70.33079602837809,2.44094306273393,1002.5335337175334,250.94349707085814
26.576053348167914,78.24645716794066,2.8734284815581215,1025.1568732529392,249.5931011952319
11.853642239938962,41.0422653932978,1.152252651919498,1027.9764909071373,270.47424663750076
34.89001748170226,42.6733879935188,2.774148378831879,1013.1472541229784,161.75556956170507
34.2437948644035,87.87661861925635,7.749188295354081,1007.3308109473212,149.55308862309462
24.509770590408106,78.7485568993846,7.585305362543613,1003.1920221256124,169.91030075054974
10.986273527874353,89.03485176552098,3.0115871760273873,996.7423350533065,298.2217395881614
25.40684727293874,79.31649587565485,4.781404522090712,1004.3975026669124,183.60280915906222
7.165952269375275,68.81509488936962,7.321965433332083,1017.8982522980862,177.12923979203944
5.919575066174182,72.51862790681179,0.546378669806725,1013.6765925958224,304.02782780897786
12.73048665533641,87.79331505610065,6.580126777531939,1028.0414447398325,229.03758859621465
18.87868870217949,67.62243904327613,7.612771645916893,1008.8697041872095,173.8925829820307
31.048175162251415,71.10543608134518,1.184943007501678,1019.2852169814938,253.26686857146913
26.81507209298924,40.17098654023404,1.7108576452469078,1012.1262961616293,187.46073662832896
27.28119563599943,60.80487930754668,7.705597270785166,1012.9401675573474,117.86940729227172
17.76480003344226,76.56581227727644,4.5315510773025975,1004.3721010111441,257.89687182157985
15.378049776408888,47.61127539056375,0.6064747585379278,1010.92327718947,230.3046268824295
16.131162889538082,43.14652173409477,2.432239990726469,1011.4774748954447,197.929011574529
34.62948691208173,50.398742534587015,3.874577557016447,1019.7324882612127,183.96603119789154
6.203275742374474,45.697540819534176,5.696816832685758,1027.922399971514,196.77623486361628
31.010944883673456,43.969321407365726,5.998702836025997,1006.5262447118877,133.18317222653098
22.3602622571718,57.615304786425654,7.965661346940921,996.4770164003454,150.42405982601161
18.158462575687714,89.00950340242971,2.656333995378193,1012.3703293925224,287.2157069910049
26.757729812454095,62.95887703801669,4.536650764013564,1014.0561466252209,186.71670325474872
19.600068242741088,42.214824752995995,4.499926608947037,1000.895419289617,197.09423544393297
31.202697142449818,35.003158509756815,3.542339445854281,1021.6162612196623,126.336769100024
32.02105592033776,75.25014943396513,1.7687142038181514,1029.4725187954523,250.1227916658766
17.651627806203663,54.88191968836521,7.830924223878819,1028.102115095296,149.94191839272736
13.304833917051548,83.41901152804834,6.899878899999395,1001.8987113588279,235.56617454647176
22.770509857800867,72.86819996165006,4.237497712206779,1025.6377133965266,224.43675487170253
32.37090036850073,81.75569428518895,5.024340670130224,1019.657277274409,191.21202954277214
11.319865670169998,47.67649256219917,2.2044579016974675,1010.8846297332419,243.4376691925969
23.688997506904485,75.00332995996878,4.578403027938101,1013.9213848013655,228.13993795415786
23.946806602775617,47.16402900509172,5.7122759984110685,1024.736006124386,173.8730920880928
26.99339067245843,91.03945116426895,4.363752712899416,1011.804722887343,216.52719629894975
8.947030553817793,71.36432829966934,7.927138779387059,1008.0622579186794,189.23532168631266
26.474748940462657,51.09326701139723,5.0850624218579465,1012.2636622559095,167.91150389553172
32.270975619969235,47.51827104899772,3.2823028444412676,1015.2695431412267,174.0849414366064
10.39049326610726,42.41022802965683,6.291140207118786,1001.6177178822422,183.04279475389941
12.12629974771633,75.1516623280923,1.7784688368623154,1026.5317705593447,250.97697414331475
34.14185282124919,44.21651484486527,3.383868602796999,1018.5965432090364,170.8244486811675
10.429308581284694,68.69471228528678,3.102192127831894,1017.1644121068122,251.0574445795952
30.631552801087373,47.201276750148224,3.7385532133083297,998.4823679163223,153.48249903976057
19.768335693441045,73.02798141160146,6.363348694465447,1016.1460878360407,187.03913149869115
12.416932232095311,82.97108235513505,4.131297741225556,999.2336231783472,248.1490968952992
31.122497038175343,80.57164080440245,6.455108376994721,997.7544186318389,122.11216469549714
18.359157650079965,79.45533651050081,4.823666773548994,1013.4558813474838,218.82987113813434
20.444520617890706,42.20195636999638,3.065520759931665,1009.0974936916273,180.79992410189888
15.777001081992971,35.745021553993716,6.574840577626043,1015.6083594554678,159.8153742353212
22.78852554304782,75.43167385168007,2.2871725291481866,998.1227758820033,229.49641563976382
9.905716177550683,53.942568896632835,2.1828723484984662,1010.084407199654,242.15251585151591
16.73244609955282,58.102504716217574,4.283771930411268,1001.1175350265805,228.86837676256462
34.082369670058625,32.02469103157042,2.456369344715667,1029.5485030073442,179.67780153856776
12.744002981033827,46.87246920287819,0.5681527621341225,1014.6402574352311,265.3568255194942
24.702099936238767,32.188966251840164,5.3622314547410115,1019.0602901329304,136.68393907158065
14.755701926740846,87.1470752190811,4.333203661042985,1006.3896398238912,260.0935716020316
28.20419377059802,45.82078440920448,3.8413836086987088,998.315862017277,164.5639696637305
8.926209821550495,66.22691602224552,7.752263859637365,1029.1554801974237,196.06361055739112
34.094631352356345,32.533655842973474,4.783993879721852,1005.0190662384114,132.74896210823707
18.61368624150918,73.34508043486778,6.975736833420384,1009.8332864810751,182.035170485092
12.081513900393919,50.9967774740161,1.5458767715387012,1017.7452372595901,269.8256394602574
7.20490241990038,88.36474715224827,4.769048473470708,995.8644054190139,258.51282033693343
10.092737152626222,87.72768228071233,7.009847200481771,1023.359069568105,243.4378026936883
20.593218456680532,51.143890193513606,4.873293179599235,1013.7802366510017,206.10064434814186
15.110095292938588,88.56245821988041,5.8851063359525115,1004.7376015474088,247.87181665620574
29.866500976478285,94.75024877742062,3.290326758591555,997.1562794852364,218.54070955792125
17.92662570985418,83.65201816805663,1.1933713777779995,1000.6874445416055,285.57446497719627
12.461428177628896,84.91663760408989,3.9342522134530356,1026.3261850598703,278.79782756791707
23.5143495981209,46.185567847090844,3.4585954312914313,1019.0108478377562,204.49822733889843
26.203316506563375,67.48565592575416,7.002951367842105,1003.7465602572911,146.90612777800146
10.011257237028495,34.37163440787891,2.329964767643542,997.296026773076,201.5040610855185
10.02857648864953,36.169665893408535,7.750506706513311,1019.1715359335323,165.94648790393057
6.100142808006289,94.92801978216389,7.686035898533721,1015.0342704088717,229.8960359193426
27.092060451969214,51.23155121268421,2.35723732303579,1009.1581833560382,196.687476828609
24.914135828654153,78.63195428317502,3.1103896660799037,1007.7264007216522,257.6809489094749
19.238926272494417,82.43322844674307,7.216668056554138,1002.5884996575188,195.95318341510853
30.325113469075912,85.7715126154699,7.749666656720806,1018.4363939788132,164.67032731739727
29.170104588501594,94.84583933114017,3.82579327127033,1028.9733809727854,232.35105542990974
22.560630931902566,45.69727154169641,2.907477842306734,1001.1500336042889,198.4388818634807
31.04813841539776,32.62280374588048,4.445705099386565,1015.8990817005426,121.63931290636404
11.175236301103048,56.72744866964808,5.658269047743011,1009.8464769511091,197.5116381288634
8.357588581931836,38.455243538881554,2.5510588653123483,1010.6341052610633,227.50727569134608
13.092488345509688,31.457682795533582,6.023548809643046,1003.8951548044735,174.28169851804682
6.712605682679445,53.42774376419659,0.8874301783598078,1023.8797206481497,283.36563988170525
20.93508584003096,80.94298631989037,0.8697086957331233,1011.9839461451535,265.94018333631885
33.098170768848846,66.8017449296296,3.3971577885915893,1014.0192048269392,215.62642741120783
6.180306220055289,50.33056929867301,3.1510489404554045,1005.6666319479064,229.8930827266554
8.663297420300804,72.53223035702678,2.867249115253642,1001.3632962983432,243.65323805055735
18.565970848503056,45.0811817200727,4.182648220016825,998.0068635870987,181.1158735476788
33.01625052583715,30.934793994685528,2.9055018673367843,1019.9941699323721,177.9719336538556
14.484683149302516,79.68297011836778,1.9419343885106894,1001.8681998590749,274.07717888826045
20.217044260651775,70.5433005161606,2.8210216181645067,1019.1526373966079,241.00109336681192
6.247185771511763,79.54967059256239,7.811782046076762,1008.6631756116434,240.16284966788157
9.450296028862667,32.530971084698265,3.5833506274613645,1009.5521180346378,176.54206870438878
34.598903688765404,84.4127758089924,3.835345826437518,1011.421212363247,193.41423988996257
33.95356089308137,70.26920300235972,4.82408742463355,1007.869797784464,155.9826458783484
5.148199428032289,66.62069779632161,7.875055763106699,998.5216992027906,201.13953077096966
33.55435356269717,70.59991312744455,2.312009573268223,1005.8371133500996,216.00456266726337
24.17359813446501,86.18816104644367,5.609615828993253,1018.2307026242878,240.57829521998318
31.037548835600663,68.15087292632896,5.869885201562931,1018.3024540514105,177.3780921132662
18.642195669015774,67.76177469273165,5.054933125947994,1005.0178507533998,200.33341383216603
20.46788085737751,94.39414520927478,1.1643375472748305,1011.1035919295191,292.39925756068465
19.665397407707605,79.18746085945692,5.576542068706823,1001.7706529804178,213.98886383315482
25.00592772638313,58.749097354323794,0.980710332771316,1002.3630228535443,206.7370998708013
9.189537642689388,75.9808050021403,4.971069871624227,995.8066480942313,277.2195373559692
5.899207696180339,55.29998065996625,6.04685882916307,1026.3861292467711,219.36576172113465
14.237898247735728,44.876905061427436,2.082274179649628,1002.3747332776218,224.91600787304108
26.1404228820994,68.79537199770436,6.812165056570805,1002.9636856927763,177.0111944773974
11.05560356368845,90.33183637740684,0.727653541497532,1004.7860501425796,321.49902930748897
25.20297299974752,90.39406880100508,6.828596477437296,999.45928250934,196.53584811101024
34.097361383218114,52.223843076856866,3.952467879820738,1017.3742009113477,159.82945610221134
7.817021473682551,64.29903530441018,2.1319095494873337,997.6300033612156,269.7686395119882
25.178063546753787,43.75633340704098,1.50333608745476,999.6970849214223,208.50340016055674
18.312506579137136,94.71602211742743,7.649803756867794,1017.5664854306533,203.3673860654029
31.044267631325162,93.77266401141583,1.0449919068586753,1006.8881217168505,289.59582280931073
10.314493683421578,72.21808043098407,1.9932006495194425,1019.7781739345417,280.3244594780318
25.778778566784936,82.28691387903578,3.108667605747845,1014.509866063455,250.60143126522496
30.143458689443307,76.4815104834405,5.151761367208404,1003.960741057153,212.55068047153446
33.3384265842207,68.55528423756543,4.586008139570738,1017.7789782671265,186.0657283438533
25.497440848689376,33.46761980427835,1.442326193092355,999.0695788102508,192.93869003702196
19.91524292025282,59.55968226592297,2.6729598780366097,1013.774363407801,238.29297810358213
23.535417206036414,73.8611096408817,2.2906382831451806,1010.3001836765762,231.08148599286778
31.067149534361548,74.0395549024395,2.10157140867756,1004.3755753986104,226.82944590721527
22.11829239916489,54.25297019745493,3.583582523599903,1016.1401749208825,204.73963221355152
5.911611790905106,91.20997913277199,5.780235894437427,1025.4966757319098,250.62831644912046
32.92846086520933,40.87820709539076,2.1308969916292693,1029.9616644917078,218.83634954111193
25.685802530946834,62.52336400401144,3.250091597772361,1016.2716969060199,189.8584455312132
25.295401573317395,74.90745847580348,3.431880701308717,1009.164705601521,204.84219769303826
11.470254571931516,75.3138273829676,7.823423970765576,1002.882248507567,215.72247227115497
24.766564106979715,72.161532189973,7.659997676593017,1003.9983631288289,175.55815509193584
16.815932169624755,47.89373387437091,6.50103187064057,1011.7809242352419,150.77661355274043
24.536989311244763,40.15342696463043,2.3124419061438886,1007.8547195448248,200.53016355308762
8.197790909239721,71.33612124373622,1.0102798556875228,1026.983508291873,316.66377619408075
24.73535913809108,68.95463754906345,2.8767810329046855,1007.8903413679499,223.52822265195516
34.98241177311999,41.65814066880066,2.5009591207537314,1008.0705606900902,207.15466220830876
6.446361165816681,75.83404446208661,4.294443501097954,1008.4237079351892,229.74527278214688
34.31522552663952,59.58617946268767,6.332959325508448,1024.281707362868,161.0046332424363
17.20723882168612,73.40443845420495,6.937422041591435,1017.7775912296415,214.9438838611784
31.122603510117774,84.42886018505979,6.836480640578814,1016.4959097611612,196.50015514978514
28.471564521748203,41.03234785750001,3.1975667091730084,1006.6950057834351,169.01739395792242
22.010487829600034,31.244416419794383,5.654257575955122,1023.6266461891354,142.2264652112056
27.153476277539795,80.64166811572613,2.8462564814316504,996.3427351474495,238.04148816073376
31.355466839040435,69.63033263492004,0.9567915742638704,1025.4779010318339,253.71573083849165
17.12420964953099,75.47657202543792,5.761739492022067,1012.9462464927875,223.15961402706904
14.810994846897161,84.48007337426176,0.5737066442734089,1008.9387582202195,313.45916142421606
25.02780156690754,82.18271076359252,3.5688694059386643,1012.400854825119,219.15657917742095
29.23537825823776,92.4598095503736,2.970344519765568,1018.3595435686841,246.0206980076325
27.868554043298474,64.83578012538769,5.700331538891393,995.4467899281265,156.16110076768592
28.934409465759035,61.75221612289385,6.246841045702842,1025.5043149760386,161.22328675356593
18.06749944438799,56.122667992897455,2.780709769784629,1010.6358833858988,238.1248819674818
29.535026485250647,39.9899177848733,6.587202608336401,1007.0038281895028,125.94629140010237
8.606271661118253,67.21947013733146,2.704375703787003,999.838594797192,295.56297201483653
21.334672938825488,48.00581408118862,3.847447699899209,1010.3812881025455,193.2895854932949
5.172759814943647,89.8849882938434,5.952638952606004,1012.3712969949532,258.7999377915564
14.737574897008109,67.90740227801135,5.696901719185914,1009.1276343072717,209.87539186552954
15.993846046141936,68.53461173302716,7.9052635423415,1018.7531032839414,171.49002483076674
16.885180748277662,53.07010295700565,2.188707681619489,1009.7313785065729,227.73597992418027
25.864016200695865,33.37930787855099,5.467384351546868,1028.64961522463,162.1983845536264
16.65674303811037,32.06334474924426,5.07261431206833,1015.9747131238257,166.10057152346644
18.460808678675917,57.51678436995783,7.363238408675224,1023.2617277478168,156.92732847555985
12.126323926229823,35.49674957632046,1.672716062336563,998.8274566088318,203.48556846467932
16.197553748880203,69.44505211010905,6.138486226901997,1008.9051952531067,194.65192372048992
11.818088817894544,87.26324536657773,4.762014622015762,1006.7896695506504,254.24689388652678
7.195877713053309,87.38946307371694,2.5599940234092906,1014.9318835847807,312.86435231698283
23.103457801441337,72.8379516585951,4.0582618561038055,1025.1389732021498,203.5794320297686
25.046383956650487,43.730069045740514,3.0033244780234836,997.7418376216702,177.98908274435357
23.584710380288435,86.09479403832668,4.8448505209134565,997.5401179315649,223.46698361272172
18.90482131401717,87.59607329535854,7.167504581109994,1024.761119785516,185.52714157872333
16.393573405376895,42.78248302194231,4.769787383091515,1002.4497530113425,166.67581806817415
30.900009487154758,77.93269557509402,5.23791813744938,1018.4063639057434,185.77671641751658
20.572453554086543,48.62377068026299,4.390608853360321,1014.0007346326282,175.196667553356
19.37545632889193,82.17162030294043,0.8837412983410693,1024.151275821053,288.7569173348137
5.76926197419307,94.82046349373418,2.246439176570707,999.3781118442741,304.7265082555529
15.237434828784691,31.951690346410533,4.190012970740621,999.5424038002914,164.7503910331068
16.405868563575712,88.32878127641058,2.826764628085286,1014.4886426097407,278.80990709369826
16.964683426907015,70.47098468391277,1.8632269832089565,1028.123252867543,289.3043835048998
22.40517107681997,93.26987024571338,4.280996314388288,1009.5249215429764,270.05606017911504
21.008076401806353,60.2256186392178,2.9210734508588776,1006.4429735089143,190.03760729695048
23.23715278380334,85.0802154871393,2.4358073238006104,1016.234126311926,267.1630973149209
27.94649784626385,34.05561445888802,3.979890630802856,1027.5657010190762,157.93463278594473
29.389572161482803,51.79313825508922,1.4996319356162986,1024.292474149562,215.68781573417786
26.543692286794833,34.356074953828646,7.458092998065554,1029.8419263756628,113.71760165790297
33.66571087864804,93.39730367613959,7.007765734394293,995.7899004120832,182.38100125898112
5.546977480290849,83.10330397266938,5.807154393054015,998.9500350649466,247.05189120920664
10.873339570506383,85.41558238098808,1.2966037069134215,1016.3313717178318,292.3363238294021
5.226886249344264,90.96774004320312,6.319079408522698,1023.7201753766848,245.06420216559388
24.42424142463809,35.53172659778605,6.559679960817642,1004.9835519807368,122.24905456603292
31.94091646849961,55.06384351336667,6.2582346328575325,1003.3723880811976,146.65653925613697
12.304468897288977,34.617267787860136,1.3547441533943088,1022.544152978342,237.15806800252608
32.8110363438892,43.701551600751856,5.329309678008236,996.9733648848631,147.9577788401936
6.808021708686826,44.9087755074487,6.757435968120489,1007.9283926653904,171.91005745263377
33.03308080416543,60.491968718092615,4.830150509147508,1012.7033227907316,174.42785330354522
15.548680617189031,47.45654088448677,5.348055314210668,1014.6122036022613,198.75915093581784
8.042624853476497,36.56357694315447,3.9377260956972964,1020.5015304877472,223.46425289657654
19.57615277558977,40.886920791117,4.465304899130395,1007.4196003200731,174.3395566126239
12.70329703161524,39.57291163088591,0.7578264376379391,1016.4439520636113,236.5444864725633
13.546187058857685,93.24999186429939,5.292222664799635,1015.4881397976835,256.7371948748721
14.218698947788598,79.35401294970077,1.110854096683694,1014.1665635228811,269.5860623271055
29.090776934979903,92.90449524252153,3.7626094575516755,1017.4169152599774,236.84443880986205
21.174838300257633,58.583131623014054,2.6949132325055585,1004.0807209873826,229.4949163117615
14.33923097468011,48.093951308072675,4.590709626587848,997.9627063754621,201.52215271443072
23.31001349932755,81.88905781859714,1.5006225164240532,999.174508521391,256.01162245103126
26.484520226695807,51.20650467267454,5.687325514799887,1002.8603833928865,160.25483755443284
13.178720022006013,49.45991929084764,6.462586526963528,1012.5069277432975,164.74474771404144
17.406473045760546,45.11288949350903,1.7251583730736737,1024.4154962691107,238.03455165784575
8.656582800108428,38.4291335845753,1.2823481551391163,1019.5452669730935,240.25930073989397
10.43448048604041,46.67009896608979,1.5913661209051937,1022.6164211470716,241.97099753750229
25.433535618949485,53.0957836508027,7.078456714238763,1007.2841468374132,139.98397531602484
10.443150430868808,73.80962352947247,4.461419463172671,1009.1628809576993,241.1236893038022
20.754901510011805,34.06671474426435,4.00445747005627,1008.7788660096714,162.82910863861827
26.27138785167298,43.68295107824729,1.3003386432676571,1001.7155614541575,213.4272679223797
8.206307692842316,82.58653661895897,5.3716700506772135,997.142583035025,237.30621452550173
22.019366588867108,39.5499250329451,7.009996939213174,1015.6820632489529,161.68051191838845
12.696883511040912,52.2719345239639,6.711394019925897,1029.6225839197205,206.8455042743457
33.887806257127394,86.2028299207791,5.19541031735601,1000.8390396732592,182.01096553560546
19.50636940159774,40.070145224323774,1.0645903748875523,996.6339686964745,215.71196884220535
29.179776493254742,35.377894315182346,1.3429777038200972,1022.2836088638377,182.41424738873386
21.506796264687853,61.494969680200704,0.8698174033236851,1003.8405102339653,240.4148446608185
6.302375985644575,49.657268233104865,2.4310941236935197,1024.0375331873524,279.0002733801583
23.994541267820672,66.62154369145051,1.517461003702833,1019.637783346208,239.51483024512424
33.54210026619971,82.24731788142589,2.4503603018932543,1028.098573796778,241.2368319087783
23.048354604389935,38.91465172992831,3.3879354178922125,1009.3124532514835,187.61014990778637
29.575665782803707,67.74544049602852,7.5723708805335175,1018.1689443807722,139.1860204713577
31.526193900452235,62.85806942534116,5.07782044836269,1011.2699173284644,160.2500437345922
11.842393158467974,39.36512109085797,6.762303392622218,1017.070604405799,145.53233644539068
11.361345197246798,70.55990155938386,5.827636255342492,1010.7359617102708,204.99765701987016
23.32942966552975,47.78662716095016,1.3437734789497382,1001.6021286248426,172.41777091375533
17.330854094201143,61.70923070536081,6.019403047804616,1012.7764095601183,199.1532837167484
30.19583908600161,35.347701078009024,2.5632416116934333,1013.5004470503105,201.77185865444417
32.000693701940335,59.8729637188855,5.293308852460298,1023.3711346891056,171.50481620692193
15.602641379081543,49.92012542278332,3.057214802322414,1020.7432247027754,198.33466788358814
12.106116769234461,83.45477872704802,7.982541974484944,1018.2327068379506,199.66998930703062
28.415765457315853,33.70361725482894,2.4766360962258336,998.9685483443401,161.72995014487387
13.244181066444083,57.209472869691446,2.5934785308070225,1020.22157017323,225.5546206733296
29.67842955541035,59.798042568543465,7.480041916717987,1012.510680472408,154.96564739799436
17.712147609462885,77.12539495944272,0.6848330347724201,1026.2934837637156,297.96261873329047
25.026496978744113,67.32869238086371,5.725167409048977,1027.195482694569,173.4613416981697
7.866059415040045,73.36880191762177,5.939947930519086,996.9304806710625,234.49355277641874
23.71577974029719,80.50820356736415,6.772839330577995,1023.7224546124068,220.1949073361434
18.55303036211687,86.04319328778227,7.808294829788565,996.3194086647935,221.8861371301078
22.59825389526422,50.40190728696058,7.817014393674893,1007.8509368993258,181.45133277544338
10.040426232345903,64.97147584865368,0.9895756817484792,1013.9804991467378,263.8699295739342
27.106212348325464,84.607025098548,6.663794920646769,1000.1835279519495,231.11437518235354
30.883912326296855,94.31432351272866,5.34732450243036,1021.1209834399177,213.1594756447117
11.50219400272327,87.8187552178446,5.355066007798184,995.2924146460249,233.9909356930158
7.871436665604852,54.14537207058449,1.462624449610211,1000.9009666951913,261.1936663560395
5.709157581390092,42.68582361921228,5.3764037483424,1015.3278890448717,190.44059881369768
24.25914501329798,61.810514931428266,7.868619354509359,1020.0035646713052,160.35946001077707
23.212821082663424,78.20669436934276,7.338639271545852,1027.082508594287,169.19657539706515
21.4009223814221,62.016989598964344,3.793479956036379,1019.6923828177119,210.23756172619616
11.958412883479262,61.406756115388454,0.7996097996457076,1018.5122744589203,291.52905239854255
16.72717987716544,84.48497737031704,3.217201175001536,1008.8019401222732,258.3803169849882
22.834290055585193,53.49124563936711,6.697927337004164,995.0449548934381,154.46892140557395
19.90300576577508,85.88665386275696,5.761243260988746,999.2055740557468,224.90937032057192
34.63356560644662,56.442312061862026,3.945077416954673,1013.7094090664614,190.39760374503987
9.093192576701995,51.33515186909206,0.9132615136912332,1018.6295460045546,238.18375968875105
25.854336621427812,59.509344227980435,3.7017104586747696,1009.6106899363762,206.94290764455255
17.129563043128762,79.55905231386646,4.0176870478841265,1020.5737654034937,241.14643372463246
17.84598844776844,38.19013181115963,7.46416649670602,1013.2651803366263,140.81322704085142
26.527932969745287,42.76724903168113,5.308145776866196,997.5961668458009,164.06471195411936
25.77308453973109,91.84391366810098,2.837396874909867,1001.7205687838782,234.1839330772844
34.73767981106565,41.40695577978823,4.43988698338041,1024.399937813538,133.67862333650567
8.851828683623758,66.90227566551854,0.9954148086662005,1020.3719461318553,255.8475020655354
8.12328948152499,67.65544033302596,7.794261767373026,1026.3166695454374,192.9944268454785
26.730164513862235,61.82559003326591,3.200449264480445,999.1145037192327,222.29018514524327
22.351607510192274,71.9084411574932,4.084005161848518,1029.6577887115277,223.4776322159694
13.224819996794176,44.938737176845194,3.1646298067769196,1002.3292349882477,189.89279937760102
7.382581069669598,65.92304740548863,5.618837975871501,995.4122956700324,210.6148166439671
7.569747487892916,54.19126159104832,5.466741187471948,1029.9098028668743,192.79719176801459
31.825726239923547,73.0083718758973,5.8649173289685175,1004.837585990579,157.26656119256887
10.756019741562287,39.17953031925472,2.5110742220894062,1018.3806808379396,227.30965607559187
14.701146863465622,67.10703209456597,2.867513608730495,1001.1838809961707,223.63590337334088
11.79969206680964,42.04257309991604,1.4393842332215596,1015.30799862697,252.73559885851
15.649889174958119,48.11179910247736,5.416324788845844,1026.6412245259096,187.27216452517777
7.082715282382801,44.21613702103291,0.7984784550173941,1006.2063408599954,255.89653815314404
20.57179372724811,41.884455691473114,4.982617516425943,1018.4588891615525,167.3912807470042
7.028376907766447,83.67121185144336,7.022719136387254,1001.5766256079446,239.02645516283667
29.010695234670848,48.57099189795787,7.181241112172252,1016.8678389551554,144.97086663358544
12.011362457312991,90.26304582118921,3.8677832027747128,1006.7757623136129,273.5594171959521
21.200357438135317,93.04522414743741,3.9447776615980534,1002.3922890505783,258.149555598057
31.402372626843746,67.13193054591133,1.0772688725601303,1005.9613717746272,226.30012271425105
24.526321071415826,39.29507297327221,5.530737690822768,1001.259437397773,154.22945401762658
20.988733596540058,54.34563581967278,6.659445652796341,1026.5670637743258,164.0661884377082
14.730012593461268,81.8525971176339,2.3349129095353476,1008.9015410210995,271.48275412493393
14.990057391745937,53.88039736530958,3.6597566122502347,1003.5847756741028,208.51260933578084
25.084608655945704,35.65611918968127,6.791295025739528,1010.6942744355576,119.8303104505166
34.82418083663502,66.19101921033221,7.0784035074671605,1006.2187658382273,132.37487453434767
24.855175695481357,84.93285534724225,2.3238498519816946,1021.0546738834664,264.89905029741465
21.733502521100746,81.73521516432766,4.629279759060232,1028.9926969159924,252.7414914286533
26.919515307177384,41.38300410847296,1.943698629768703,1010.3311779844176,211.12763175866831
18.956168368511545,73.72969993681033,1.264090731046674,1025.1361689990283,251.53400910768067
6.804270278023557,44.33277712331706,7.333403760439682,1014.8052075745867,192.78211289748464
21.868904476337296,44.183489745891194,6.653806281740819,1000.5032482782982,139.14957350681038
33.728758535161404,86.81466526483703,6.200261763523804,1019.171795972847,198.95498348528758
10.259088270729789,46.22848192811496,0.8657473910985531,1012.9702073994038,238.34150702855734
25.700146724619973,47.11107752367073,6.827965945326931,1017.7712283138236,145.50125706767332
11.028010659771695,30.042470399484472,3.785330569290378,1026.1390594400082,198.94305625446205
21.074830534192436,86.59348721815866,3.0679634247189473,1010.4152099729616,232.85898202059423
7.900293489401589,81.51866285859376,4.598572707690323,1026.5412168126074,271.87747050494903
18.511128087745554,70.77638078089407,1.1851493204266688,1021.273415499858,287.09023067718977
27.684899866857382,78.76727465602474,6.174849120142992,1012.1011724057295,187.21005740627035
15.427145727169462,39.88315688259197,4.8682630766622195,1016.1127747480288,201.15127216347733
24.94735173461654,59.7910336481924,1.8994257265487564,1006.3953396381654,220.0237053177509
28.863498823691877,52.82926017767076,1.911741498267842,1029.425905490857,225.1514622466342
32.81533458438358,36.09547420670607,1.8818648867950567,1018.3572907067638,143.52218653350974
12.039262455663607,61.59848153897006,0.927517906639505,996.5346398373821,299.2625545985702
16.979477474279243,89.8480772722713,4.908488370287636,1006.4317667011803,265.8051009480837
9.572480399912523,32.60384273829514,6.802611331913811,1016.816005181567,154.26819488866937
34.77450506475125,48.9449593770966,0.6312366049054146,996.9716647229734,169.67170337509552
32.81002903772886,43.490160853370725,0.8675348372845516,995.83594669617,196.7892152952582
21.19871390841679,45.47953248827026,4.795777075152094,1010.7508483834731,153.29298663619346
30.26099883129264,89.04824587215938,6.646217640395393,1006.6441562892435,197.19077523163676
20.628739318161266,60.42448852522886,2.950541679264752,1010.3404512811608,227.14665934079432
23.707570640082793,60.30946184108822,3.1221079910579164,1004.1942658458001,195.5361327965881
7.673732963480498,79.43741675959335,4.972598731225819,1000.7651211430043,263.2686851921052
27.658112614904237,40.041993260320176,2.5565966684311023,1019.1200174943118,197.25081278715632
8.831404509057045,61.6722480165033,0.699562745582631,1013.009989069373,293.50858784421393
29.782028907575853,57.94903891786888,6.01421388576197,1002.0053973937279,154.7581650162821
28.46084263011158,68.79919488553264,5.192374347060898,1006.1856299190999,163.6362620096879
26.262340932289295,94.97125071127851,4.855669992917443,1015.7132767682164,248.72662198886948
6.084811415742863,80.01417811533307,6.062630967438674,997.5280271895367,231.39830019943017
14.093850678359859,55.86127069613276,5.564231281715282,1000.1608553243162,170.57389803551615
12.893377097325285,83.79094839781305,2.0441149113374086,997.5635961437587,298.29625343536674
15.804092224145572,41.09604361531121,3.1436078520751334,1023.4311066449942,238.0905562246243
7.629282402915156,31.980139610082407,1.4458260625896875,1021.3343231624203,232.54032652619517
33.10873469093188,43.28914421017775,1.4739276006341078,1021.365952615774,224.96942750052557
21.61406722137129,52.12675114742687,5.571468097674044,1020.0713870216609,177.89212483636976
14.165729319740706,63.18774923487139,6.939500802368737,1018.4284898284454,184.32786687205746
16.9094455122285,69.98339413517799,7.720494378958542,1011.6947170382361,171.54581888648593
18.41607621514507,89.18937161893741,5.212603381620833,1017.4797357227491,263.7600522549757
23.01783000081852,63.14051062077975,1.8807599252071774,996.3426544175791,216.82538066493368
20.470382830894934,62.58291690067241,1.2923775908669803,1016.7512547929874,259.1723115788722
32.58175919643252,33.26579563849384,6.596382286525683,1022.2257196937907,105.03081830384454
19.908904487174908,32.26925092265455,4.840673572699995,1012.5125426134537,152.42339345092495
34.764740444699385,65.82539752456418,5.137137657602899,1007.5129664949533,183.47362168999067
30.542748732352873,58.48160986114239,6.360965665660319,1004.7099357180342,144.43557774781056
11.255315430720074,84.54672567371941,5.774579207993387,1017.4980717556729,235.08658671489007
32.91785643931749,40.444173006269935,6.758436896420725,1019.2480419520468,136.5717635296485
8.490991936564283,31.623158037608224,0.9216042909490886,1025.483865995189,262.9916957065124
29.52349125473575,59.18751991545818,6.1064047755987865,1006.9816928861346,167.1415245978492
16.418698804297403,45.43610618889674,6.881395679915716,1021.9420307584955,152.38943158721102
31.339229613352085,33.22493426702444,2.6460128184373577,1014.6474538466268,157.13791754162966
31.041700703223512,77.09888864509588,5.303354554949396,1025.8992771737328,197.4665693086074
29.177762003528635,37.253544997221084,2.856215478777291,1013.4734237903467,176.86273461974793
28.70091308921184,69.54076750050515,7.684782998618405,1013.1170439939289,140.5858634681804
14.140374172941224,48.26823376084779,0.7506767932662781,1015.2256978504319,259.3824691136037
7.427578491537565,41.27724327307643,4.848446328747163,1021.2260374299852,203.62947867230008
17.089405362954842,54.68384898975563,1.7487766028713632,1028.7641667589962,217.05843453590623
10.20573544959526,82.09397545449198,5.84165153882869,997.5747173975518,218.25473149463843
25.84853266707385,55.486082498797224,1.8191771256399656,996.8702110836856,205.00708477194908
15.382991796133567,78.80002719871862,2.2653744642376816,1027.8142618092568,272.1697143922464
34.26830602579744,38.1566092919448,4.207781082843185,1013.5456468931372,172.9079840201649
24.22916232035996,80.23014227823015,7.3612621249765855,1016.5216055098427,189.17676598057403
29.67441690903083,45.400666118932165,2.0878577911097813,1011.8848260558156,179.18317485326608
8.975740182255453,74.03055344277672,1.5818001583857764,998.2780108412616,282.53951021895926
30.860434468178678,66.77580106466476,6.192326238905229,1021.8831282446533,163.97070322859003
32.68271571540183,90.39440661875967,4.254646492504483,1021.1528625781006,228.11466578515953
19.611857564568076,55.17596366839541,7.3383883428632855,1005.9096162522484,165.97809503030228
23.187588132529324,34.30073727423863,1.5996091786988171,1005.718373582994,212.8533094316919
27.944294027089864,31.245106560831438,5.344459197672795,1024.3244483316932,137.4369922368622
10.245158817812376,83.74580646322894,2.246593596138613,997.5325040209465,305.71984722086006
20.07698229390327,64.10781644799309,1.6757032148872948,1025.8386801924798,262.9613181924791
16.959890833169393,80.3908633692717,5.625720613679529,1003.983159146357,209.383593435216
9.391219764867474,45.23766400074845,4.952634649315499,1015.7544661714423,233.4496938234697
16.02603266874594,52.43044345836019,6.161205937717484,1027.7597962650623,189.17051817195915
7.045169281564807,31.956751693735733,2.8209693233463677,1018.7342875537827,203.09761183252505
5.774357208484609,92.49700109731728,3.8597874228664244,1009.5050434363462,311.235440151492
9.054988674644683,73.41141393555287,3.5410375724781384,1019.1336973116895,291.1849738204079
33.89345334767522,90.65833070435491,7.8806709797488566,1007.0392872710729,168.37571447355836
21.48588607685051,47.257266482889705,2.691867175545409,1004.7040445722215,194.48861211952772
33.974664834596595,69.74513472966795,2.711129287600752,1029.8839147277138,212.02799103950775
17.97493634990396,74.10249793902146,3.1591115662145555,1021.2776580912926,257.79834302877
14.354483992557787,50.64073051674325,4.734455609677411,1017.5651992083637,219.584904562392
20.18425588520732,85.12710027601595,2.3924205819780893,1007.4351375126762,271.3307179656413
18.185350658987304,91.56549508851612,7.364674552844554,996.7206290204267,209.3212207713972
8.169940527852317,87.51558265024028,2.492641736496976,996.0869906612304,309.74422726059765
24.224789440706186,78.03935343605922,7.21861798670146,1014.396343940708,178.96469749728527
11.481145475287988,48.035204182122015,1.276062977349385,1021.6711452363668,264.95063801202724
23.587638646934888,48.30504273686606,5.424220267997392,1013.8082716655349,162.23134443205765
24.5060327719446,92.61842082899247,7.302391388286828,1024.427477517869,212.33639051600008
9.560745593859444,30.668492235819983,1.7656207879867214,996.1699286582627,212.405215138365
6.840488813320045,76.54324826073939,7.762452200744413,1007.8363226749079,209.60452376247926
28.422847582053194,75.90600056609205,3.8966252031163378,1003.2974636910963,205.07532300145
18.794012713079603,70.47482016173683,7.592863313307683,1010.6545538854992,199.01260151229167
6.744913865164274,94.35707499564627,5.576150327225353,997.5331737617943,249.41386048161377
34.84598951509301,50.272163324642136,2.7619015240516367,1028.3946074549876,173.1497607296382
6.733416829890999,52.09817114656113,1.9122689368782981,1002.8139390374276,282.5642085507838
25.851056865756597,35.13106119152611,2.778012846688245,1027.2807721419254,196.91297727601366
34.51036775790241,58.78187887534293,1.1976305694700624,1009.9062604262839,174.9931096237878
12.175403126477768,46.96815420526512,1.5790097475749731,1029.4933446639327,236.78619183486586
9.267481060615886,52.32013564154687,1.2849533025986086,1014.3920434211074,230.51271376498553
8.641548182672867,84.2471663666158,3.672076578061683,1027.5791502461532,263.0899735815047
14.098254427027866,90.80649337928722,6.4668378219318985,995.1872146042978,179.78184442441972
8.031374330319402,42.072649680337065,1.5603766566225514,1021.1883582163315,242.80887119998297
25.76484025082396,54.21308055097528,1.477403248792519,1026.606772858588,208.69266519833607
6.868753943901881,90.36098653750062,5.325717121379981,999.8902198442634,259.5199556954158
20.28266384449369,34.01754994479947,1.978872364760497,998.3644048106253,168.82809152342764
34.9009056155893,36.0034343272396,1.232075285817437,1009.8600412515084,178.8005292238208
29.419108085180564,40.58141429840491,1.7513643365418323,1027.6787617146526,189.28802828364934
23.456583146930328,68.68883421824685,7.4279854690758205,1013.9835296066653,191.919603724475
14.18760862359835,39.78069761538983,6.6610343958214315,1013.4609762302606,180.26848515072635
23.716875088749156,92.92496479429768,3.1554842176632056,999.9394141404763,265.1555096814679
20.81124391734955,59.03644427180382,5.418655754955446,995.0276328882627,176.2842253489093
17.782501516711143,62.59866742276081,4.529567552510286,1023.3549031760912,244.08717491300322
8.921311302205984,46.03281002735142,5.578431976119229,998.0651097045184,164.82669271287295
31.598126457214,60.61241640825767,5.620033643470695,1017.1847436557364,143.7423482366237
18.493539464639674,73.02438612140574,5.215505112949947,1027.0115759080318,218.4440923488866
10.838675354622952,78.82651390201278,2.4957602640298147,1002.3028169605451,305.18370782026733
16.03278052631869,79.00142537614434,0.792548155721136,1018.2845492682919,284.8912609851771
17.42389257586781,67.56292232511575,3.916750864925816,997.7544501847628,218.30314526074503
29.82613686700623,88.78338537460073,7.182304135180279,1016.1314300343165,165.8266298300173
27.00843141684206,83.13151007489711,4.7712294388893195,1000.7376102333621,225.8866896429747
28.079146809240193,79.20812745541065,6.74293281276431,1020.7583746180312,199.5222038225617
5.330937932859417,33.61435890922994,7.9371825722092115,1005.5430953177868,162.42487696413548
17.484619945392843,30.447067544277207,1.727121531037072,1011.2186853081627,192.69538054378842
19.44032454905971,43.80907301770574,5.6883322935648675,1015.9800689709667,156.10809101475667
5.5757683046917,73.1290336043744,5.557201802750185,1000.9945693733184,215.3215988646369
12.794396262351027,56.72783677736548,7.849665855187088,1020.9573236516168,174.31879439818715
27.80869469366405,56.15640685445526,7.8920055046460025,1005.5924119222885,117.09500394340186
9.113291171869971,87.49814773492488,5.650089587930971,1018.1830150969464,234.19980931287017
21.05930394357775,88.21158512856951,2.327110939866457,1000.539906774478,257.2469149032695
11.456056160517125,89.09639216348307,6.489168785979492,1019.0841180722223,231.01452995551978
5.363623239316798,50.40207497347677,1.3027185065827858,999.4865825483662,250.07821921039314
12.236043727986244,74.91862782805202,6.355244781287215,1009.8874773694495,222.30588663288054
34.27621264730161,47.65615678283403,7.326470931085223,1003.6522125808607,115.03082100335162
29.046113356489688,42.38963914983924,3.3712504607632643,1021.1931337299864,171.21304578340366
33.787299329631,42.001109727579,5.229764712373104,1004.1712251577407,137.1876765624535
19.63562131779087,52.23699535613361,3.7260704907261974,1025.8601057238388,192.17264160678067
8.292085960325105,57.94724528568841,3.7832379124109634,1026.2137073992315,240.9554383742822
21.43878466921079,84.01169611857944,2.8277816683109003,1001.8754460327975,253.1053301098544
18.631320036798826,37.792921075726284,6.215972153377435,1016.4846080752703,130.83745736713513
30.330712482188478,77.77018008066813,7.521324231248789,998.0701174601987,175.13341707251146
7.942477423527338,64.54456942230485,7.5556314442584585,1008.703798486057,180.99056197582166
19.647234110653343,48.71644727393951,1.8108596365620038,1019.9662605325445,226.28077403925903
9.501459940819528,62.0332729946336,7.0605773724242455,1018.079813639747,214.4499753631094
14.7402778067018,49.496234535506474,6.030735810703416,1016.8645234292313,194.75428620175967
27.120712321633988,68.7453270904899,2.3962805051771694,1004.8889302281855,224.1523706601853
19.280543881062997,58.199854985590875,1.0046345969113593,1008.2308732302041,239.94567126898136
16.276648554373082,40.686359390127116,2.509979501632835,998.60311506451,218.74631170654234
16.83428835710106,37.57789984612029,7.341561775861442,1020.165798715176,153.81177653018824
18.7834030521796,65.53521933468846,5.248840061718292,1012.6361078876946,193.83806201146206
28.550496315111708,88.65684716359672,5.907909956734039,1019.8067971320979,196.01463898945607
31.76254066820703,52.35724962624956,2.4286426333182187,1003.7130233678905,158.56443622687877
33.66004059511785,77.6450069694705,5.895411166811152,1006.3553380022273,179.04542120548786
28.607101587658853,72.81298807108485,0.7109112970844282,1006.6975368041041,247.36438465073218
14.462206872440381,90.55106943011626,3.3149100932976037,995.9009843411526,283.9690260089666
25.644041182596265,83.36376612444415,5.200650114067484,1006.9366755490719,216.99759333401343
18.128093721661756,66.82934182885509,1.5957242415599016,1023.1156600731312,277.5387761706488
12.640118661381536,72.70698238521697,6.672526808352011,1026.4054473512408,202.5201089298799
30.22614738277768,88.39512032796227,2.26273474108939,1013.1376410472575,266.0105219139286
6.15279046886975,55.96872099815076,5.392108346138347,1010.9425593326727,207.1188119459647
32.0528597640627,51.24165588075553,3.5389785693149727,996.0788616544779,182.00684785697652
18.844323938742026,30.702720436287763,4.970326966082354,1025.7721518154883,140.55092263396034
24.116044304248412,83.72581982244517,1.305879144716811,995.4553574699055,265.62082600571796
24.78061766617348,82.06374552621872,0.626845999412055,1028.0662528073574,248.77575623965424
31.85353222119609,36.78954367650984,7.321733205352259,1012.1225687040832,102.98089534820578
24.10009046501622,67.49572977362551,2.522225065753871,1006.9677072751155,234.2289042596988
23.418007542801853,60.15881038084768,6.647577520853443,1027.3476452194932,164.54135772628413
6.999561216820699,37.716091208092244,7.995127253541502,995.8536847588534,132.75906395254324
20.552240658356123,93.73693475894703,2.0857344349918336,1015.3498713204181,293.46646356083386
9.50507002451125,43.955232685118105,2.488780558875167,1014.2126383574769,228.1945060172765
27.123013061644567,34.37022170588647,5.4714484072599925,1002.6762140423983,127.41196756762247
20.366657624380235,68.66507966762413,7.740864759504659,1010.0110600972573,171.32553273883087
25.4068333762506,78.02633401364713,7.36860761143058,1017.8292402080319,219.84020644475217
6.250187018071528,32.108823993067155,4.271566400491887,1020.4495918908675,216.63147885266892
7.543760481374097,72.81664651725643,6.463327118950435,995.0250900547303,233.52116606075353
26.48970164188047,64.59897193684455,1.518093898249258,1027.7898700531855,245.18564572570537
7.1625300799602005,36.71222557687815,7.830786381530093,1000.7583880337485,153.1020415722949
7.137701832957758,41.21405200151354,7.732649255269899,1003.1753151977825,123.14241444537083
5.3632542570466235,66.91832932554523,1.7279671840937822,1004.2215705992846,267.21577280984417
33.695041948984404,49.26324487836374,2.7456734360232997,996.3237047793212,167.15037634836597
27.12525078377021,90.99052236233555,1.251162481300752,999.3068243256614,239.580074879334
15.597542255061924,83.21811491646329,2.5378819917363478,1029.5222473030458,258.6698517321744
13.896067438629657,93.9318684233881,6.61966842061405,1006.032585808205,203.7764359288077
15.491096892375486,46.87860453177691,3.337367053739446,999.0355381618667,203.75144230384154
28.239605935435456,93.03203613186851,1.1629772536006877,998.7446941411118,281.34114574197037
24.841118332112433,58.03020153645126,3.066691435841784,1020.181098868449,226.88983553776333
10.555867036024038,52.58872169539405,7.860375006809601,1024.9099032411425,179.65666087136248
10.22328006002253,33.27271925300796,5.2226269644440215,1003.9933304827964,159.6431608353895
7.9518694914019195,33.42974176087417,3.6212070980461832,995.7318329317333,168.25699745784647
24.809081591040144,74.98073163653255,1.749038851229525,1002.8081506455875,218.78536195980647
27.93117986665208,59.76538463821181,7.8963259796277105,996.9780491778865,115.97828360514453
12.951392849750121,44.723905692346875,6.656367569473466,998.6188227820514,150.2713177998632
5.628348830927385,69.90806991114013,2.6110797683818956,1010.1027841946675,269.1846404568512
7.465150024292821,46.435777686257225,1.0255152179089209,1003.0471429801571,237.60909764565037
34.035801045350915,67.54606403238748,0.9246916803316853,1013.0581057483898,233.8197109182189
13.863343324322608,53.34856855387487,1.4028361212915037,1003.8722813640017,240.322967020534
28.07669443514401,83.53089472976824,4.855764377108162,1027.9188055386032,218.47935557657914
23.739907065627914,83.34525044984065,7.465725659041193,1026.7080388774193,210.3526934150248
16.458189189586875,61.02777587795609,4.225575710044883,1014.8382136753663,198.28828455483654
11.170617865866653,52.80324210677601,6.822091118421478,1007.4048397195585,186.03425768133152
8.641592544782192,53.56638677634115,3.8441496489485587,1008.3401408712158,225.21694332980994
23.450389041165998,82.37144416843415,5.8143765932586895,1009.4148299100574,202.93516648685429
28.239013419133638,51.331666381844784,5.989045529648756,1020.465276274723,168.8226030361973
24.31712760623392,43.588859290944995,1.80472779427504,1010.8073648431593,217.5330509614937
20.90906399747475,35.504742221894944,3.2091204423185884,1024.9855481277064,173.03571247093765
6.258536702949088,60.335052857486545,5.27976617403518,1028.0433175075627,225.6460853613139
34.05466332783151,61.33858642978972,1.0302245613827463,1006.7581153682627,220.64435800015346
28.961425749637236,84.65906617618896,3.2115514082221743,1014.6243068481488,230.58079386708764
13.784661101028941,44.38051526899416,4.510995997108943,998.3269787891397,197.85328155242775
34.39910988076552,54.764432788445994,7.97168369783479,1002.0164166718225,118.78390219807997
23.056447689089662,82.5463730280899,4.059001719668306,1009.4713018348556,259.37708921518026
22.472679746217395,83.53553469868328,6.620425678357427,1002.2170950565622,175.76611554868174
27.442195382885963,54.99971993861993,3.740504637999633,1025.6796171776052,191.6515439436744
29.353093642704128,59.843061513634254,6.472930419647817,1000.5400189620684,138.11685361375834
24.69435821994508,49.71358290520339,4.965611012150813,1010.9481287543582,180.111941721056
8.842872390986,90.61606709725528,7.149465811267987,1016.1994734160957,212.3773564744547
15.148025179834953,37.71184477320272,3.582069142625824,1019.2152367856296,201.32405196105483
32.8425092097815,90.69371249509555,5.032283148661092,1008.4074279404277,199.28986960794487
11.738468355315558,74.45131936929731,5.225140104641206,1025.4184674053654,224.86443097504898
16.165010715125398,64.55218992463753,3.63037206350355,1014.8911702877274,207.6296420432648
17.96230648832588,32.12283895099223,1.5823403276561114,1010.3827723156643,198.04230711501015
18.182149690833565,60.91375246843054,1.2016955518425165,997.3534221918213,261.49768768351754
23.388187474835764,56.5036268251776,0.6250366294972483,1011.2641313955808,239.59020466265676
33.29227513234123,40.47922277838296,7.051506981839109,1023.7257544285505,125.97753615278681
12.220781354975149,72.6666242275427,2.273561841790209,1016.508935637746,292.5390057970469
8.645041289027542,93.12480897893857,2.0863006196132603,1024.125685880519,313.13405751020133
10.924114695798119,66.54227271919413,6.020265503195492,1012.2904084709756,203.28232731848092
31.607747006278085,76.45896296885647,2.900120848155438,999.1461596783068,223.01387283171582
24.37432437965618,34.44927941679109,4.295335193088775,995.4773946042559,145.51876595488505
13.577203677174804,57.14835472810466,1.7188329897309222,1005.6126841351507,238.6911188609052
29.47840816905852,37.56330153569223,7.698092910964769,1019.4296665024227,88.16290761706155
30.84109989090308,69.83172930987317,6.886860500129281,1022.6590966379592,178.70936096170664
30.39543016070834,91.00134028392006,6.978422172237525,1005.3513492117115,182.39537539419936
32.56779600918664,73.0155526106565,3.550803114290039,1012.3478872309137,207.96541616699568
12.567230605200848,34.9921981404374,6.217709102803796,1009.7391616551929,144.88022937893908
27.65125786238835,53.05330332403038,1.5790711654233511,1009.3682974523,219.23205075992166
18.816184918224202,65.79311966365535,0.5646425194383521,1003.0972049620053,249.52931112100129
30.259956586701847,56.20850414866139,0.6497969943352109,999.772988676031,217.9675556021076
26.854720314848397,84.1868606808862,4.899513030534203,1001.8840995380924,225.41437617054876
28.293423394991738,82.95361530614929,3.915461789359556,996.9366335507171,230.2777381241919
24.684855130432144,69.7690163067094,4.385115116813898,1001.9345759638252,203.2100955234465
10.322863084091207,54.27476643362584,0.5559735531291455,995.3220314168883,234.38746353670675
21.35080756690815,46.59686429461087,3.670149647430693,1016.9540440222593,237.8779619073586
34.54009218573525,36.88183068385341,5.885511209006456,1006.0731392585689,143.94819772628944
33.12164199491357,53.068349426626014,3.820202764755769,1029.0600648999418,189.27658595494572
6.29521207391035,56.85621361850177,5.991644047341667,1001.7800967771705,193.68283703600315
9.944444471883113,73.92849013176479,2.247642232976261,1007.1039999608358,269.6852768783995
8.951863203636858,72.78038857934227,6.598565033612941,1007.5244405524537,207.3993472728209
26.779397299558866,34.5570290766817,4.913234303400892,995.2958023621861,159.40449061732426
29.53355989570835,55.69185550302525,2.080723245724297,1024.372278356381,214.913204526772
11.405340989320157,41.81562636912852,2.275403568903747,996.1198061050513,207.24935460589734
20.175580788554868,40.19282584559237,5.210228484271528,1027.9062942155235,163.35658464204022
30.221090840336,83.77463973292097,6.724546949093325,1026.2226022882767,205.8747183785823
26.98404634298752,32.72448908655674,3.617208365218664,1013.7432670630087,184.73728519312448
21.26711616475545,57.24688693363788,2.4372532184569415,1014.0258451218953,246.0077135496478
22.710430713763188,40.93323762482368,7.0025870518295035,1017.8822273034655,150.42421396271317
20.2508164074884,87.15646401910081,5.519512188131261,1008.546750417721,221.41558469872308
13.926453539564617,66.20763336287729,3.8606411546230737,1017.6527799189249,185.919919502573
21.950659785770483,45.03974136449512,4.159251464594764,996.566893604097,180.44973046042347
25.66655906150272,62.65777366581447,2.031923509522973,996.8916669572404,220.22409962540826
31.19968747582423,77.54661338070252,5.201019725486329,1011.0030646866841,194.76349394000763
24.088740619377443,92.2776705797632,3.190568829071665,1014.2367805387112,257.0074480651534
27.83364611129474,44.32899027595223,7.967338825057619,1026.0736174117537,102.98299388061209
9.80214904863719,87.60181518840744,4.1013763644641585,998.6631221867764,272.15314173687403
18.846724232593697,90.72976742088687,4.144142046422099,1023.7926774517862,265.99571629265114
5.279948594812799,89.5673353945843,4.743888405580039,1002.3516568052224,279.6659949840122
12.40036593564869,71.30193319602414,7.3756700233906,1008.7929276978512,210.43437085977757
26.793851453390147,70.938342538256,6.506135748948127,1006.0810852189594,183.4765961202345
34.7542985404809,56.208691156948476,3.8834755234838108,1009.005434550289,165.24898994489783
7.975342987616477,78.90586234974622,5.89024449479597,1000.2673424325405,231.88029141718863
17.044829475838647,64.53411119281057,4.896766240855713,1012.6249526041245,211.47677611220976
29.002129060974784,74.03347462983913,4.192752865259367,1023.0574906440978,211.522006761292
11.121069038866965,57.849763750171704,1.942368295882629,1010.4536903632614,266.4045859849764
21.65254847906859,77.54727016280404,3.9795219759116818,1012.1714751564369,239.61183348721318
26.992138880890245,83.5906486442957,2.34363940266931,1024.706865484846,283.48444484259977
23.47956350780537,39.51835667918305,7.36131612388741,1019.7120340123311,164.4697966257341
10.640742038462484,84.14043151232482,3.015551101222602,1012.1659042981925,277.1376175603197
15.661537060572183,65.11927456636997,7.641980109000292,1004.0193476866212,117.72279990608223
28.513753534561918,84.90328409086459,4.497914675710334,1025.9724361395738,241.8042888076997
21.6267954239605,58.034610912165945,5.236582840071202,1015.1957140591695,179.30678325929713
5.156888406287382,54.63763154989728,4.572053333669958,1002.7401663538743,211.14763573470543
27.829722800842816,89.47894761361945,1.4703546272502566,1004.4191913423304,257.0005641879348
6.059340648207172,46.32600239064608,3.3186591425595573,1023.1096581127686,226.2720197048244
27.372013481936964,84.87380114359931,1.2435958420821795,996.5450946730609,266.9129762808615
11.074416804957123,61.461337213111264,5.172155331375363,1029.7232265460086,197.95572842378002
33.74220440358141,63.41620376583188,3.8515564640032918,999.5623087900177,164.66059844187492
16.038222539062534,50.050438296816466,6.334887286782026,1022.8623983888928,182.08220705051286
14.807948490142373,67.24774304023602,2.1535286074952738,1008.8171360870089,262.50363976723133
9.46664150997334,51.13872775795373,1.7342454382200119,1012.2275664150613,258.62518976164534
14.168126464706447,32.5525119257074,3.5474917322282584,1025.8227702112601,182.01867134461037
31.299522854846018,47.679909347383145,7.449390374137859,1009.4518916356225,106.18502527535725
34.890030128817415,30.414637821428393,5.828163612593088,1013.8122813785632,103.79107567856961
16.049285915205452,93.59306115869569,3.64192718594689,996.725488184321,267.32881534019566
18.458318928636277,92.77356863828359,4.379541273157329,995.0821615853608,269.4015749935165
26.66212814608211,55.68509433569983,1.1315975838282375,1003.5679955550604,191.6289222165419
31.585873413952235,77.34410553207698,7.8843192228208485,1018.8204082521569,156.07288787142122
22.791330025603525,52.47739639667762,5.498054785211892,999.2442712675697,148.09803501953766
16.745770945334883,73.62105521058845,2.6405305134756687,998.9816685581592,223.2618283749568
17.37865522545871,82.35295279798865,4.893562956614333,1009.3836212812566,247.73339111380068
25.868544394904205,91.53915590499565,1.3211177455174548,1017.6742963512879,284.9248622469186
5.09654790812836,56.01379793022868,7.743775016056877,1019.9225197286776,196.75222113994442
23.58768012379522,80.9143688921431,1.8108874091252445,1001.2457735934431,268.59709221169265
15.664790313240722,47.28534929108772,5.360227385414106,997.7855851580215,170.58316566182532
28.825919938312527,94.37159974658714,2.3409084690419784,1027.913896188094,258.0517066042187
7.789719194693965,31.675023919682825,5.8817103698640185,1004.1233233896736,201.4745388882214
22.646068008451714,69.22937242257287,6.326160254302108,1024.8671274163053,186.36461724889406
19.429186696583713,72.86788880733627,5.5506479668357445,1025.2222007661987,223.46716199290282
24.26976577715682,74.72296120981838,5.108745951913944,1022.038290711689,209.11408847266034
6.94560783448905,37.82519262129078,7.193518204640087,1000.90917623284,133.2535295039278
22.399513622843937,91.00443592575348,1.0897003324231853,1023.763051073897,258.10880882314177
21.844537638785713,41.77691313825538,2.981860743351464,1021.9237695734555,187.15406197627078
21.819802832485127,70.47897121058966,2.3621560972313445,1015.8853046537176,257.8603396032018
23.104629997893646,44.47394514300052,7.910104715490662,1006.8020712309134,139.30707568381584
25.294038116790865,49.96906710638261,3.420423347501551,1004.1878011493291,201.52119444010125
29.149669990423092,65.51980521232808,5.994595244302991,999.2661224228126,151.10616530632927
13.09462160384643,57.117572206697474,5.635438729107534,1012.8414973415305,223.12834150388676
29.75148230540186,40.41466406347291,2.090609281080333,1015.4841306428447,171.3953941851335
19.94767046790361,41.11086615735514,2.292482601586635,1007.5768646680525,206.2123323841509
7.311748374029935,57.17941123058198,2.609634226647756,1011.6375673688304,250.45794858400268
6.756527877319376,79.22339358790754,3.583454586945344,1007.7230060079244,266.0584248607332
15.027149560881824,88.36770204510626,2.257437992378951,1017.4352120062246,303.989566204895
28.546909313344027,35.468298046859886,0.6473861206013585,1026.5440722728797,193.6501647014478
26.230428042227473,55.55175399136107,7.095447926053966,1000.737209171643,124.33863523069962
28.658448940172192,36.51596164198698,7.74207373535663,1008.3493083466093,107.14899028517627
20.51807169324828,31.07851124111886,3.0617779027367598,999.9304011382801,169.04528466094243
18.205969938664715,73.01171437185718,3.0388015956910466,1016.8730319642741,295.7251504852897
9.42357580118852,69.1592137278282,0.5531885958077825,1020.5104678321009,302.7258565986785
14.845782608279347,40.5962423979676,5.601880162477805,1027.616945640911,171.37539785276806
18.020580985216256,45.197834151049165,6.690799218114716,1004.7605174191337,138.9758073673923
7.658012890388517,31.541003986893696,1.5995622527000237,1028.25739220529,204.70122905101584
11.618358581336338,84.27156837013624,1.6974976202536305,997.2141935137237,270.49901921969536
22.946758821912166,93.35488874315584,6.425624374785783,1016.1054852177606,220.5419043625994
27.069893427175696,38.8048698916549,5.122180612656085,996.9996451770165,165.04450992987856
34.95042534178849,45.04588889474438,0.8364541822078776,1026.282096571668,217.82347526790764
32.99339994030673,86.44661905655072,5.169102428467113,1013.5433169974519,205.91803866422757
24.276955986055746,90.22014686715201,2.8168829213282454,1018.4271922766978,254.38142677872997
17.63744159882216,57.27577988244267,3.2654386660313444,1024.1050874068658,227.90198359818885
24.08532094124698,33.29046069748982,6.2729856372266015,1000.2608717869389,120.88186078495652
28.56954854240696,32.56046919003326,6.582013945044579,996.3507046678346,138.16367535737194
8.55008572770162,67.30674129448568,3.50267470129873,1025.76084010695,252.56291941275913
17.297146690888646,55.538182078056636,7.603647020047661,1006.0226629610627,158.16518509137572
30.194068569068516,31.862407792547543,3.5484703846405417,999.5142617774508,115.14296030408654
16.51498855799132,67.91140550031619,6.288770264225825,1011.3961432980481,194.5461068944014
22.156168136815594,30.73466487828646,4.1290794842319425,1015.9407126493606,175.23343913034182
22.633080825865946,81.17917727970274,7.23149244891563,996.0839711197879,168.96221977512312
10.53428759400918,49.91813347571915,7.30820932737634,1004.6213480389981,158.55989969955135
15.867063249568652,32.61677019560009,1.1556260590331289,996.1479955996914,222.77526408325534
15.035338662257963,68.24289436390497,7.523699984826693,1009.7117386218424,162.40345741462644
5.785901255961944,55.84948693814856,6.691511311403118,1026.3285010173186,220.05264237124146
5.725752916740658,93.29702686821472,6.434830357345001,1029.392834402275,253.17172024138583
29.950911310273202,65.37291306274065,2.0068350476414185,1017.296664372627,216.26652700894883
13.192124299184373,47.89054676740554,6.538394065659987,1000.6573192824607,152.8968548345596
20.542362987164463,76.11352620120836,6.875995510137776,1026.7047286499758,203.49514541204854
13.961767207663192,47.64698016527623,2.668627508406132,1013.0686738120021,259.26984237488944
33.220377353460215,88.77581394149173,7.641950587717428,1000.3812259236022,180.21183936531966
12.778902765973212,54.356928082979465,0.8739510979937319,1027.2604334308082,249.7016217287865
17.889704382168052,65.74145658045333,1.6243193993535474,1021.5114167753086,272.627842033999
31.181907514538054,33.287251748574874,4.531858535386357,1020.6096845453103,138.05099135784332
30.25800700375426,57.697880466895,4.818443533417323,1019.8213246328041,195.62438965386326
10.58304253538832,84.10363007796468,5.338625624756776,1002.0118937383755,254.36456425035507
29.079299293871312,82.36717234861723,0.6272684698659985,1002.3852342097634,216.37280122463045
18.74560660213678,44.580706325479206,7.702750809665977,1019.0902549449539,129.1572885417207
19.489066162560654,44.69513961568657,0.8344106955060799,1002.6902962538638,240.45729289413194
9.004399172478314,83.12484529386039,1.572964645425518,1010.3535093881067,298.5151522094331
7.41804541271374,90.47589731100615,0.6051088814454273,1022.3700638957879,311.4533240165558
26.838179209212957,36.19845988274523,4.751438249705711,1022.4383381334244,144.71472794369194
19.893834570658992,59.25381156270464,7.492001629407292,1010.8641620384051,133.50178636214298
18.105521078455386,51.934528132674885,5.494603745603482,1022.7266478396335,184.5750717512735
26.8852468595719,86.59474960473355,6.669931013603205,1024.351762866932,233.55946607238977
27.96538696973329,35.42911945420122,0.5996090259393506,1017.9171512949491,215.127002379474
9.767245030080607,43.723186266272435,4.565114738597946,1002.9949048307947,230.78250181343523
23.30675448432924,78.91044194312212,3.946722331291414,1004.5904123134942,239.23496920463094
9.060622468330566,33.334100183779015,4.242259581655948,1006.0194404393058,205.60399056948341
27.54125258087137,62.0147997464288,1.0415988900139097,999.0881437706884,258.48120903281875
24.708654688014185,58.7369572541818,5.633265208019806,1004.5605867129481,178.39540637763105
33.69843863250374,51.73607663426866,4.274153111439759,1002.3331728509386,157.2381525229763
7.068740490692635,55.64720049573005,6.23861637395948,1010.9365062433011,217.0704786875106
6.71164163453763,64.44613815046515,4.139679755462865,1026.7953141755293,269.3291085119147
13.465612240796004,40.4888782952449,1.6203622716982407,998.6568110863885,214.82578739106737
